-- phpMyAdmin SQL Dump
-- version 4.9.1
-- https://www.phpmyadmin.net/
--
-- Host: 127.0.0.1
-- Generation Time: Nov 30, 2019 at 08:52 AM
-- Server version: 10.4.8-MariaDB
-- PHP Version: 7.3.11

SET SQL_MODE = "NO_AUTO_VALUE_ON_ZERO";
SET AUTOCOMMIT = 0;
START TRANSACTION;
SET time_zone = "+00:00";


/*!40101 SET @OLD_CHARACTER_SET_CLIENT=@@CHARACTER_SET_CLIENT */;
/*!40101 SET @OLD_CHARACTER_SET_RESULTS=@@CHARACTER_SET_RESULTS */;
/*!40101 SET @OLD_COLLATION_CONNECTION=@@COLLATION_CONNECTION */;
/*!40101 SET NAMES utf8mb4 */;

--
-- Database: `myproj`
--

-- --------------------------------------------------------

--
-- Table structure for table `admins`
--

CREATE TABLE `admins` (
  `id` bigint(20) UNSIGNED NOT NULL,
  `name` varchar(255) COLLATE utf8mb4_unicode_ci NOT NULL,
  `email` varchar(255) COLLATE utf8mb4_unicode_ci NOT NULL,
  `password` varchar(255) COLLATE utf8mb4_unicode_ci NOT NULL,
  `remember_token` varchar(100) COLLATE utf8mb4_unicode_ci DEFAULT NULL,
  `created_at` timestamp NULL DEFAULT NULL,
  `updated_at` timestamp NULL DEFAULT NULL
) ENGINE=InnoDB DEFAULT CHARSET=utf8mb4 COLLATE=utf8mb4_unicode_ci;

--
-- Dumping data for table `admins`
--

INSERT INTO `admins` (`id`, `name`, `email`, `password`, `remember_token`, `created_at`, `updated_at`) VALUES
(1, 'Nguyen A D', 'nguyen@gmail.com', '$2y$10$4qHfOOSGZ2yRM9qogMfIOOhghBmPXkN.76N6Vr6bHh.MWcS/Z/sRW', 'gejuJtmDRh', NULL, NULL);

-- --------------------------------------------------------

--
-- Table structure for table `canhbao`
--

CREATE TABLE `canhbao` (
  `id` bigint(20) UNSIGNED NOT NULL,
  `tenduong` text COLLATE utf8mb4_unicode_ci NOT NULL,
  `kinhdo` varchar(255) COLLATE utf8mb4_unicode_ci NOT NULL,
  `vido` varchar(255) COLLATE utf8mb4_unicode_ci NOT NULL,
  `hinhanh` text COLLATE utf8mb4_unicode_ci NOT NULL,
  `tieude` text COLLATE utf8mb4_unicode_ci NOT NULL,
  `tinhtrang` text COLLATE utf8mb4_unicode_ci NOT NULL,
  `nguontin` text COLLATE utf8mb4_unicode_ci NOT NULL,
  `diadiem` text COLLATE utf8mb4_unicode_ci NOT NULL,
  `created_at` timestamp NULL DEFAULT NULL,
  `updated_at` timestamp NULL DEFAULT NULL
) ENGINE=InnoDB DEFAULT CHARSET=utf8mb4 COLLATE=utf8mb4_unicode_ci;

--
-- Dumping data for table `canhbao`
--

INSERT INTO `canhbao` (`id`, `tenduong`, `kinhdo`, `vido`, `hinhanh`, `tieude`, `tinhtrang`, `nguontin`, `diadiem`, `created_at`, `updated_at`) VALUES
(1, 'ngã 4 Bạch Mai-Minh Khai', '12345', '12345', 'v1_1575041498.jfif', 'Cao điểm Hà Nội chiều 29/11: Căng thẳng ngay từ những phút đầu tiên', '¾ thời lượng của khung giờ cao điểm chiều thứ 6 là thời điểm vất vả cho người đi đường. Đừng nghĩ rằng sớm thì khó khăn không xảy ra, tưởng không ùn nhưng sự thực là ùn không tưởng.\r\n\r\nChủ quan để nói thì nguyên nhân xuất phát từ thời tiết mùa đông, trời tối nhanh nên người dân cũng muốn về nhà sớm hơn chút, rồi đón con, đi chợ chiều và đặc biệt với ngày Sale đồ Black Friday khiến nhiều con phố buôn bán sầm uất trở nên quá tải với việc mua bán.\r\n\r\nKhu vực ùn căng nhất là Đê Nguyễn Khoái xuống cầu Vĩnh Tuy, ở đây ngốn mất hơn 2 tiếng đồng hồ cho việc đi lại, ai không đủ kiên nhẫn chắc hôm nay phải tự dặn lòng không bao giờ đi vào nữa trừ khi bắt buộc.\r\n\r\nNhững điểm ùn trong phố cũng nhiều như ngã 4 Bạch Mai-Minh Khai, gần đó là ngã 3 Tạ Quang Bửu-Bạch Mai, Trung Kính, Đào Tấn, Âu Cơ, Trương Định-Nguyễn Đức Cảnh…cũng may là không nơi nào kẹt dữ dội như Đê Nguyễn Khoái, ùn trong phố cũng là điều khó tránh với tính chất của một giờ cao điểm.\r\n\r\nCầu Thanh Trì trong chiều nay cũng là một lộ trình khó khi sửa chữa khe co dãn và khiến không thể đi nhanh nên 3 làn xe ô tô đi lại tại đây cũng không có cảm giác thoải mái nhất của mình.\r\n\r\nCó 3 vụ va chạm nhưng không tới mức quá tệ khi ảnh hưởng đến giao thông là không quá lớn, tất nhiên chỉ ảnh hưởng tới ví tiền của chủ các phương tiện trong các vụ va chạm mà thôi.\r\n\r\nThoát qua chiều thứ Sáu vất vả là điều không dễ nhưng rồi mọi thứ cũng qua, thứ Bảy và Chủ nhật mọi thứ sẽ tốt hơn. Mong rằng đường về nhà sẽ không quá xa với tất cả các bạn.', 'MC Anh Tuấn sẽ đồng hành cùng quý thính giả VOV Giao thông tại Hà Nội trong khung giờ cao điểm chiều nay (29/11).', 'ngã 4 Bạch Mai-Minh Khai, gần đó là ngã 3 Tạ Quang Bửu-Bạch Mai, Trung Kính, Đào Tấn, Âu Cơ, Trương Định-Nguyễn Đức Cảnh…', '2019-11-29 08:31:38', '2019-11-29 08:31:38'),
(2, 'ngã tư Thủ Đức, Quận Thủ Đức', '12345', '12345', 'v2_1575041661.jpg', 'Cao điểm TP.HCM trưa 29/11: Hàng loạt tuyến đường lưu thông khó khăn', 'Những lộ trình có lượng phương tiện đông, các phương tiện di chuyển chậm và khó khăn Quốc lộ 1 qua giao lộ Lê Thị Riêng, quận 12, đường Chu Mạnh Trinh từ giao lộ Lê Thánh Tôn đến giao lộ Nguyễn Du, quận 1, đường Lý Chính Thắng hướng lưu thông từ ngã sáu Dân Chủ đến giao lộ Nam Kỳ Khởi Nghĩa, quận 3, cầu Phú Mỹ, hướng từ quận 2 sang quận 7, Xa lộ Hà Nội đoạn qua ngã tư Bình Thái, quận 9 giáp quận Thủ Đức hướng đi Suối Tiên,....\r\n\r\nGiao thông dần biến chuyển phức tạp hơn khi xảy ra va chạm liên hoàn tại Xa Lộ Hà Nội qua ngã tư Thủ Đức, Quận Thủ Đức giáp quận 9 khoảng 400m hướng lưu thông đi Cầu Sài Gòn: giữa 2 xe container, 1 xe bồn và 2 xe tải khiến 1 người tử vong, ùn xe, VOVGT khuyến cáo các phương tiện chuyển đổi lộ trình.\r\n\r\nNgoài ra đường Nguyễn Thị Định cách giao lộ Mai Chí Thọ, quận 2 khoảng 200m Hướng lưu thông đi giao lộ Trần Não: xảy ra va chạm giữa xe ben mang BKS 51C - 95428 và ô tô 7 chỗ mang BKS 51F – 36280.\r\n\r\nVà đường Mỹ Phước Tân Vạn đoạn cách giao lộ Nguyễn Thị Minh Khai, tỉnh Bình Dương khoảng 100 mét, hướng đi Biên Hòa: xảy ra va chạm giữa 2 xe container, hiện trường vẫn chưa được giải quyết, gây cản trở giao thông.\r\n\r\nCác lưu ý & sự cố giao thông khác cũng được cập nhật:\r\n\r\nĐường cao tốc Tp.HCM - Trung Lương đoạn qua Trạm thu phí Thân Cửu Nghĩa, tỉnh Tiền Giang, hướng đi TPHCM: có 3 xe máy lưu thông trên cao tốc, rất nguy hiểm\r\n\r\nGiao lộ Nguyễn Du - Trương Định, quận 1: xe đông, di chuyển rất chậm và khó khăn. Do đèn tín hiệu giao thông không hoạt động.', 'MC Minh Vy sẽ đồng hành cùng quý thính giả VOV Giao thông tại TP.HCM trong khung giờ cao điểm trưa nay (29/11).', 'Xa Lộ Hà Nội qua ngã tư Thủ Đức, Quận Thủ Đức', '2019-11-29 08:34:21', '2019-11-29 08:34:21'),
(3, 'Đại lộ Thăng Long Bùi Ngọc Dương quận Hai Bà Trưng - Hà Nội', '12345', '12345', 'v3_1575041765.jpg', 'Cao điểm Hà Nội trưa 29/11: Đại lộ Thăng Long - Rung chuông cảnh báo trưa nay', 'Đoạn km16+500 (Địa phận Quốc Oai) có hai người phụ nữ đi nhặt ve chai mà vì không biết hay cố tình không biết rằng nguy hiểm đang rình rập quanh mình, các phương tiện di chuyển qua cũng lo lắng và cẩn trọng hơn để vòng tránh.\r\n\r\nĐoạn qua km12+509 một xe tải rơi bánh đâm vào dải phân cách từ trước khi khung giờ cao điểm diễn ra tới khi khép lại khung giờ vẫn chưa được khắc phục, gây cản trở giao thông theo hướng đi Hà Nội. \r\n\r\nĐáng nói là gần km số 5 có một xe ô tô con bất chấp luật lệ di chuyển ngược chiều trong làn cao tốc theo hướng đi Hòa Lạc.\r\n\r\nBiết đến bao giờ văn hóa giao thông mới tốt lên khi vẫn có những hành vi tham gia giao thông như vậy. Có lẽ không chỉ tuyên truyền mà còn cần tới việc xử lý thật nghiêm và kịp thời.\r\n \r\nVụ hỏa hoạn trong ngõ 8 phố Bùi Ngọc Dương quận Hai Bà Trưng - Hà Nội từ lúc 9h00 sáng cũng khiến cư dân ở đây một phen hốt hoảng. Cụ thể, trong lúc bốc xếp bình gas, nhân viên đã để rơi một bình gas xuống đất dẫn tới việc khí gas rò rì và bắt lửa. Ngọn lửa nhanh chóng bao trùm 2 tầng của cửa hàng gas và xe tải chở gas, ngoài ra, 2 xe máy gần đó cũng bị thiêu rụi, rất may không có thương vong về người. Cho tới khung giờ cao điểm trưa lực lượng chức năng vẫn đang phải xử lý và đáng nói là có rất nhiều người hiếu kỳ vây xung quanh để quan sát.\r\n\r\nGiao thông và hỏa hoạn đều đáng sợ như nhau bởi tai nạn có thể xảy ra bất cứ lúc nào. Ngay lúc này, mỗi người chỉ cần ý thức trong hành động mình làm dù chỉ nhỏ thôi cũng đã giúp mang lại sự an toàn cho bản thân và cộng đồng.', 'MC Mai Lan sẽ đồng hành cùng quý thính giả VOV Giao thông trong khung giờ cao điểm trưa nay (29/11) tại Hà Nội.', 'Đại lộ Thăng Long', '2019-11-29 08:36:05', '2019-11-29 08:36:05'),
(4, 'đường Trần Văn Giàu từ cầu Bà Lát', '12345', '12345', 'v4_1575041853.jfif', 'Cao điểm TP.HCM trưa 28/11: Ùn xe, va chạm khiến giao thông khó khăn', 'Tình trạng ùn xe kéo dài được ghi nhận tại đường Trần Văn Giàu từ cầu Bà Lát đến cầu Đôi, huyện Bình Chánh, khu vực này có va chạm giữa xe container và ô tô 4 chỗ từ khung giờ cao điểm sáng, khiến giao thông khó khăn. Đến 11h38 ghi nhận đã có mặt CSGT giải quyết, tuy nhiên vẫn ùn xe kéo dài.\r\n\r\nMột vụ va chạm khác trên đường Kinh Dương Vương cách vòng xoay Phú Lâm, quận 6 khoảng 300m hướng đi quận 5 giữa xe khách và xe máy gây cản trở giao thông. Đến 11h34 đã có CSGT giải quyết, di chuyển rất chậm và khó khăn.  \r\n\r\nMột vụ va chạm liên hoàn dược ghi nhận tại giao lộ Nguyễn Hữu Trí - Bùi Thanh Khiết, huyện Bình Chánh giữa 1 xe ben và 2 xe máy, gây cản trở giao thông. Đến 11h47 đã có mặt CSGT giải quyết, xe di chuyển rất chậm qua đây.\r\n\r\nMột số tuyến đường khác có mật độ phương tiện đông, xếp hàng dài như: \r\n\r\nQuốc lộ 1 qua Liên Khu 4 - 5, quận Bình Tân hướng đi vòng xoay An Lạc. Quốc lộ 1 qua cổng khu công nghiệp Vĩnh Lộc, quận Bình Tân. Đường Hà Huy Giáp từ cầu Phú Long đến trường cao đẳng Điện Lực, quận 12. Đường Xô Viết Nghệ Tĩnh từ cầu Sơn đến đài Liệt Sỹ, quận Bình Thạnh. Ngã bảy Lý Thái Tổ, quận 10. \r\n\r\nHai tuyến đường cao tốc trưa nay (28/11), VOVGT cũng ghi nhận mật độ phương tiện đông tại:\r\n\r\nĐường dẫn cao tốc TP.HCM - Long Thành - Dầu Giây hướng lưu thông từ Đường cao tốc TP.HCM - Long Thành - Dầu Giây đi Quốc lộ 51, Tỉnh Đồng Nai.\r\n\r\nĐường cao tốc TP.HCM - Trung Lương qua nút giao Bến Lức, tỉnh Long An hướng đi Miền Tây xảy ra va chạm giữa xe khách và xe container, xe di chuyển chậm khó khăn. \r\n\r\nTại tỉnh Bính Dương cũng có thông tin lưu ý: \r\n\r\nVòng xoay an Phú, tỉnh Bình Dương xe đông, di chuyển rất chậm và khó khăn.  \r\n\r\nVòng xoay chợ Cây Dừa, tỉnh Bình Dương xe đông, di chuyển rất chậm và khó khăn. Đến 11h20 giao thông phức tạp hơn, ghi nhận ùn xe\r\n\r\nGiao lộ Mỹ Phước Tân Vạn - DT743, tỉnh Bình Dương xe đông, di chuyển chậm và khó khăn.\r\n\r\nChúc các bác tài có được lộ trình thuận tiện và an toàn!', 'MC Ka Nguyễn đồng hành cùng thính giả VOVGT TP.HCM trong giờ cao điểm trưa thứ Năm (28/11).', 'đường Trần Văn Giàu từ cầu Bà Lát', '2019-11-29 08:37:33', '2019-11-29 08:37:33');

-- --------------------------------------------------------

--
-- Table structure for table `comment`
--

CREATE TABLE `comment` (
  `id` bigint(20) UNSIGNED NOT NULL,
  `idUser` bigint(20) UNSIGNED NOT NULL,
  `idTinTuc` bigint(20) UNSIGNED NOT NULL,
  `NoiDung` varchar(255) COLLATE utf8mb4_unicode_ci NOT NULL,
  `created_at` timestamp NULL DEFAULT NULL,
  `updated_at` timestamp NULL DEFAULT NULL
) ENGINE=InnoDB DEFAULT CHARSET=utf8mb4 COLLATE=utf8mb4_unicode_ci;

--
-- Dumping data for table `comment`
--

INSERT INTO `comment` (`id`, `idUser`, `idTinTuc`, `NoiDung`, `created_at`, `updated_at`) VALUES
(1, 2, 2, 'Quá đẹp quá tuyệt vời.', '2019-11-29 01:44:46', '2019-11-29 01:44:46');

-- --------------------------------------------------------

--
-- Table structure for table `failed_jobs`
--

CREATE TABLE `failed_jobs` (
  `id` bigint(20) UNSIGNED NOT NULL,
  `connection` text COLLATE utf8mb4_unicode_ci NOT NULL,
  `queue` text COLLATE utf8mb4_unicode_ci NOT NULL,
  `payload` longtext COLLATE utf8mb4_unicode_ci NOT NULL,
  `exception` longtext COLLATE utf8mb4_unicode_ci NOT NULL,
  `failed_at` timestamp NOT NULL DEFAULT current_timestamp()
) ENGINE=InnoDB DEFAULT CHARSET=utf8mb4 COLLATE=utf8mb4_unicode_ci;

-- --------------------------------------------------------

--
-- Table structure for table `loaitin`
--

CREATE TABLE `loaitin` (
  `id` bigint(20) UNSIGNED NOT NULL,
  `idTheLoai` bigint(20) UNSIGNED NOT NULL,
  `Ten` varchar(255) COLLATE utf8mb4_unicode_ci NOT NULL,
  `TenKhongDau` varchar(255) COLLATE utf8mb4_unicode_ci NOT NULL,
  `created_at` timestamp NULL DEFAULT NULL,
  `updated_at` timestamp NULL DEFAULT NULL
) ENGINE=InnoDB DEFAULT CHARSET=utf8mb4 COLLATE=utf8mb4_unicode_ci;

--
-- Dumping data for table `loaitin`
--

INSERT INTO `loaitin` (`id`, `idTheLoai`, `Ten`, `TenKhongDau`, `created_at`, `updated_at`) VALUES
(1, 1, 'Thế giới giao thông', 'The gioi giao thong', '2019-11-21 21:20:30', '2019-11-21 21:20:30'),
(2, 2, 'Nhịp cầu giao thông', 'Nhip cau giao thong', '2019-11-21 21:21:36', '2019-11-21 21:21:36'),
(3, 3, 'Công nghệ', 'Cong nghe', '2019-11-21 21:22:06', '2019-11-21 21:22:06'),
(4, 3, 'Nên biết', 'Nen biet', '2019-11-21 21:22:21', '2019-11-21 21:22:21'),
(5, 3, 'Đẹp', 'Dep', '2019-11-21 21:22:31', '2019-11-21 21:22:31'),
(6, 4, 'Thể thao', 'The thao', '2019-11-21 21:23:20', '2019-11-21 21:23:20');

-- --------------------------------------------------------

--
-- Table structure for table `luatgiaothong`
--

CREATE TABLE `luatgiaothong` (
  `id` bigint(20) UNSIGNED NOT NULL,
  `HinhAnh` varchar(255) COLLATE utf8mb4_unicode_ci NOT NULL,
  `PhuongTien` varchar(255) COLLATE utf8mb4_unicode_ci NOT NULL,
  `TieuDe` varchar(255) COLLATE utf8mb4_unicode_ci NOT NULL,
  `NoiDung` varchar(255) COLLATE utf8mb4_unicode_ci NOT NULL,
  `MucPhat` text COLLATE utf8mb4_unicode_ci NOT NULL,
  `NghiDinh` varchar(255) COLLATE utf8mb4_unicode_ci NOT NULL,
  `created_at` timestamp NULL DEFAULT NULL,
  `updated_at` timestamp NULL DEFAULT NULL
) ENGINE=InnoDB DEFAULT CHARSET=utf8mb4 COLLATE=utf8mb4_unicode_ci;

--
-- Dumping data for table `luatgiaothong`
--

INSERT INTO `luatgiaothong` (`id`, `HinhAnh`, `PhuongTien`, `TieuDe`, `NoiDung`, `MucPhat`, `NghiDinh`, `created_at`, `updated_at`) VALUES
(3, 'vv_1575043314.png', 'Xe máy', 'Xe máy: Không sang tên đổi chủ , không chính chủ bị phạt bao tiền?', 'Cá nhân , tổ chức là chủ xe mô tô, xe gắn máy và các loại xe tương tự xe mô tô: Không làm thủ tục đăng ký sang tên xe (để chuyển tên chủ xe trong Giấy đăng ký xe sang tên của mình) theo quy định khi mua, được cho, được tặng, được phân bổ', '100.000 Đ - 200.000 Đ đối với cá nhân - 200.000 Đ - 400.000 Đ đối với tổ chức', 'Theo: Nghị định 46/2016/NĐ-CP về xử phạt hành chính trong lĩnh vực giao thông', '2019-11-29 09:01:54', '2019-11-29 09:01:54'),
(4, 'vv_1575043456.png', 'Xe máy', 'Sử dụng thiết bị phát tín hiệu trái quy định bị phạt bao tiền?', 'Người điều khiển xe xe mô tô, xe gắn máy (kể cả xe máy điện), các loại xe tương tự xe mô tô và các loại xe tương tự xe gắn máy.:', '80.000 Đ - 100.000 Đ', 'Theo: Nghị định 46/2016/NĐ-CP về xử phạt hành chính trong lĩnh vực giao thông', '2019-11-29 09:04:16', '2019-11-29 09:04:16'),
(5, 'vv_1575043522.png', 'Xe máy', 'Xe máy: Điều khiển xe bằng một bánh bị phạt bao tiền?', 'Mức phạt bổ sung: - Phạt tiền từ 10.000.000 đồng đến 14.000.000 đồng Nếu gây tai nạn giao thông hoặc không chấp hành hiệu lệnh dừng xe của người thi hành công vụ (Khoản 10 Điều 6) - Tước quyền sử dụng Giấy phép lái xe từ 02 tháng đến 04 tháng;', '5.000.000 Đ - 7.000.000 Đ', 'Theo: Nghị định 46/2016/NĐ-CP về xử phạt hành chính trong lĩnh vực giao thông', '2019-11-29 09:05:22', '2019-11-29 09:05:22'),
(6, 'vv_1575043618.png', 'Xe máy', 'Xe máy: Bấm còi trong thời gian từ 22 h đến 5 h bị phạt bao tiền?', 'Người điều khiển xe xe mô tô, xe gắn máy (kể cả xe máy điện), các loại xe tương tự xe mô tô và các loại xe tương tự xe gắn máy.: Bấm còi trong thời gian từ 22 giờ ngày hôm trước đến 05 giờ ngày hôm sau', '5000000', 'Theo: Nghị định 46/2016/NĐ-CP về xử phạt hành chính trong lĩnh vực giao thông', '2019-11-29 09:06:59', '2019-11-29 09:06:59');

-- --------------------------------------------------------

--
-- Table structure for table `migrations`
--

CREATE TABLE `migrations` (
  `id` int(10) UNSIGNED NOT NULL,
  `migration` varchar(255) COLLATE utf8mb4_unicode_ci NOT NULL,
  `batch` int(11) NOT NULL
) ENGINE=InnoDB DEFAULT CHARSET=utf8mb4 COLLATE=utf8mb4_unicode_ci;

--
-- Dumping data for table `migrations`
--

INSERT INTO `migrations` (`id`, `migration`, `batch`) VALUES
(11, '2014_10_12_000000_create_users_table', 1),
(12, '2014_10_12_100000_create_password_resets_table', 1),
(13, '2019_08_19_000000_create_failed_jobs_table', 1),
(14, '2019_10_19_062841_create_admins_table', 1),
(15, '2019_10_22_073010_create_canhbao_table', 1),
(16, '2019_10_22_133152_create_theloai_table', 1),
(17, '2019_10_22_133440_create_loaitin_table', 1),
(18, '2019_10_22_133453_create_tintuc_table', 1),
(19, '2019_10_22_133505_create_comment_table', 1),
(20, '2019_10_22_154218_create_luatgiaothong_table', 1);

-- --------------------------------------------------------

--
-- Table structure for table `password_resets`
--

CREATE TABLE `password_resets` (
  `email` varchar(255) COLLATE utf8mb4_unicode_ci NOT NULL,
  `token` varchar(255) COLLATE utf8mb4_unicode_ci NOT NULL,
  `created_at` timestamp NULL DEFAULT NULL
) ENGINE=InnoDB DEFAULT CHARSET=utf8mb4 COLLATE=utf8mb4_unicode_ci;

-- --------------------------------------------------------

--
-- Table structure for table `theloai`
--

CREATE TABLE `theloai` (
  `id` bigint(20) UNSIGNED NOT NULL,
  `Ten` varchar(255) COLLATE utf8mb4_unicode_ci NOT NULL,
  `TenKhongDau` varchar(255) COLLATE utf8mb4_unicode_ci NOT NULL,
  `created_at` timestamp NULL DEFAULT NULL,
  `updated_at` timestamp NULL DEFAULT NULL
) ENGINE=InnoDB DEFAULT CHARSET=utf8mb4 COLLATE=utf8mb4_unicode_ci;

--
-- Dumping data for table `theloai`
--

INSERT INTO `theloai` (`id`, `Ten`, `TenKhongDau`, `created_at`, `updated_at`) VALUES
(1, 'Hot news', 'Hot news', '2019-11-21 21:16:42', '2019-11-21 21:16:42'),
(2, 'Đô thị', 'Do thi', '2019-11-21 21:17:17', '2019-11-21 21:17:17'),
(3, 'Xe', 'Xe', '2019-11-21 21:18:36', '2019-11-21 21:18:36'),
(4, 'Giải trí', 'Giai tri', '2019-11-21 21:18:48', '2019-11-21 21:18:48');

-- --------------------------------------------------------

--
-- Table structure for table `tintuc`
--

CREATE TABLE `tintuc` (
  `id` bigint(20) UNSIGNED NOT NULL,
  `TieuDe` varchar(255) COLLATE utf8mb4_unicode_ci NOT NULL,
  `TieuDeKhongDau` varchar(255) COLLATE utf8mb4_unicode_ci NOT NULL,
  `TomTat` text COLLATE utf8mb4_unicode_ci NOT NULL,
  `NoiDung` longtext COLLATE utf8mb4_unicode_ci NOT NULL,
  `Hinh` varchar(255) COLLATE utf8mb4_unicode_ci NOT NULL,
  `NoiBat` int(11) NOT NULL DEFAULT 0,
  `SoLuotXem` int(11) NOT NULL DEFAULT 0,
  `idLoaiTin` bigint(20) UNSIGNED NOT NULL,
  `created_at` timestamp NULL DEFAULT NULL,
  `updated_at` timestamp NULL DEFAULT NULL
) ENGINE=InnoDB DEFAULT CHARSET=utf8mb4 COLLATE=utf8mb4_unicode_ci;

--
-- Dumping data for table `tintuc`
--

INSERT INTO `tintuc` (`id`, `TieuDe`, `TieuDeKhongDau`, `TomTat`, `NoiDung`, `Hinh`, `NoiBat`, `SoLuotXem`, `idLoaiTin`, `created_at`, `updated_at`) VALUES
(1, 'Gây tai nạn mà đi giày dép không phù hợp bị phạt tới 150 triệu đồng, trừ 9 điểm bằng lái', 'Gay tai nan ma di giay dep khong phu hop bi phat toi 150 trieu dong, tru 9 diem bang lai', 'Việc đi giày cao gót, hay thậm chí là dép xỏ ngón khi lái xe có vi phạm luật giao thông hay không? Xử phạt như thế nào?', 'Vào khoảng 7h sáng ngày 20/11, một người phụ nữ điều khiển ô tô Mercedes GLC 250 màu đen mang BKS Hà Nội lưu thông đến khu vực cầu Hòa Mục hướng Lê Văn Lương đi Láng Hạ bất ngờ đâm trúng liên tiếp 3 xe máy và 1 xe đạp điện. Hậu quả khiến 1 người tử vong, 1 người bị bỏng, 1 người bị thương nặng cùng 5 phương tiện bị thiêu rụi hoàn toàn. \r\n\r\nNgười phụ nữ điều khiển xe Mercedes gây tai nạn sau đó được xác định là bà Vũ Thị Hồng Thái (SN 1972, ở phường Trung Hòa, quận Cầu Giấy). Tại cơ quan công an, bà Thái bước đầu khai nhận do đi giày cao gót, đạp nhầm chân ga khiến xe mất kiểm soát, gây tai nạn liên hoàn.\r\n\r\nĐây không phải lần đầu tiên xảy ra tai nạn giao thông liên quan tới giày cao gót. Nhiều người hẳn vẫn chưa quên vụ tai nạn liên hoàn tại ngã tư Hàng Xanh (TP.HCM) đêm 21/10/2018 khiến 1 người chết, 5 người bị thương. Trong vụ việc này, ngoài việc nữ tài xế có nồng độ cồn trong người cao, còb nguyên nhân khác do chính người này thú nhận là do đi giày cao gót nên đã gặp khó khăn trong xử lý tình huống. \r\n\r\nViệc đi giày cao gót trong khi lái xe tiềm ẩn rất nhiều nguy cơ gây mất ATGT. Về vấn đề này, anh Đức Dũng, một giáo viên dạy lái xe lâu năm tại trường Cao Đẳng Nghề Công Nghiệp cho biết: \"Người lái xe đi giày cao gót thì việc cảm nhận lực sẽ không tốt, thứ hai là khi di chuyển từ chân ga sang chân phanh sẽ dễ gặp bất lợi. Chưa kể với nhiều loại giày cao gót hiện nay có quai sẽ có thể vướng vào các chi tiết như chân ga, chân phanh làm cho người lái dễ bị tâm lý, có những phản xạ không tốt, luống cuống gây mất an toàn. \"\r\n\r\nTại hầu hết các quốc gia, luật giao thông đường bộ không có điều luật cụ thể về việc cấm phụ nữ đi giày cao gót. Điều này tương tự với các loại dép xỏ ngón; vì chúng không có độ bám tốt khiến dễ trượt chân; thậm chí là mắc kẹt, gây mất an toàn. \r\nMột nghiên cứu năm 2013 tại Anh cho thấy, giày dép không phù hợp gây ra 1,4 triệu vụ tai nạn mỗi năm. Một khảo sát với hơn 1.000 lái xe cho thấy, 60% từng suýt gặp tai nạn vì giày dép không phù hợp, và 20% vẫn đi loại giày, dép đó.\r\n\r\nMột trường hợp khác là đi chân đất khi lái xe. Nghe có vẻ lạ, nhưng nhiều người có sở thích đi chân đất khi lái xe vì cho rằng làm vậy sẽ thoải mái và dễ điều khiển hơn. Tuy nhiên, khi đó sẽ phải dùng nhiều lực hơn để đạp ga khi đi chân đất. Và lái xe trong khoảng thời gian dài, sẽ khiến chân dễ mỏi, dẫn đến mất kiểm soát. \r\n\r\nTại Anh, có đến 80% phụ nữ sử dụng giày dép không phù hợp khi lái xe; 33% tài xế nữ đi các loại dép xỏ ngón và 15% chọn đi chân đất. Một khảo sát với 750 phụ nữ tại Anh cũng chỉ ra rằng, 45% phụ nữ dù biết việc đi giày dép có thể gây mất an toàn, nhưng họ vẫn dùng chúng mỗi khi lái xe. \r\n\r\nDù không có luật cấm, nhưng không có nghĩa là bạn có thể thoải mái dùng chúng mà không phải chịu bất cứ trách nhiệm nào. \r\nMột giáo sư tại đại học luật Nam Texas, Mỹ cho biết: “Về lý thuyết, không có luật nào cấm đi giày cao gót hay chân đất khi lái xe. Nhưng nếu để xảy ra va chạm hoặc tai nạn, yếu tố giày cao gót hoặc dép xỏ ngón hoàn toàn có thể khiến người gây tai nạn phải chịu án phạt nặng.”\r\n\r\nTại Anh, nếu để xảy ra tai nạn, yếu tố giày cao gót, dép xỏ ngón hay chân đất sẽ bị coi là “trang phục không phù hợp, ảnh hưởng tới khả năng điều khiển phương tiện của người lái”. Người vi phạm có thể bị phạt lên tới 5.000 bảng Anh (hơn 150 triệu VNĐ) và trừ 9 điểm bằng lái. Cần lưu ý rằng, tổng điểm bằng lái chỉ có 12 điểm, nếu bị phạt hết sẽ bị tước bằng lái 3 năm. \r\n\r\nNếu vì lí do công việc hay tiệc tùng mà bắt buộc phải đi giày cao gót, đừng ngại mang theo một đôi giày khác để dùng khi lái xe. Chị Khánh Chi, một người thường xuyên lái xe chia sẻ: “Trước khi mình học lái, giáo viên có nhắc nhở về việc đi giày cao gót dễ bị mất kiểm soát khi lái xe, nhưng công việc lại bắt mình thường xuyên phải đi giày cao gót. Do đó, mình luôn để sẵn một đôi giày thể thao trên xe. Khi lái xe thì đi giày thể thao, lúc xuống xe lại đi giày cao gót. Vừa đảm bảo an toàn lại không ảnh hưởng tới công việc”.\r\n\r\nCác chuyên gia ATGT của Anh đưa ra lời khuyên: Giày khi lái xe không nên quá mỏng hoặc quá dày; có độ bám để giúp chân không bị trượt; không nên quá nặng; giày phải đảm bảo cho mắt cá chân hoạt động thoải mái, tự nhiên. Đồng thời, kích cỡ giày hoặc dép không nên quá lớn để tránh việc đạp nhầm cả chân ga và chân phanh cùng lúc.', 't1_1574396731.jpg', 3, 0, 1, '2019-11-21 21:25:31', '2019-11-21 21:25:31'),
(2, 'Trung Quốc đóng cửa hàng loạt cầu kính vì lí do an toàn, thiếu tiêu chuẩn kỹ thuật xây dựng', 'Trung Quoc dong cua hang loat cau kinh vi li do an toan, thieu tieu chuan ky thuat xay dung', 'Vài năm trở lại đây, các công trình cầu kính nở rộ ở Trung Quốc, được xem như cú hích cho nền du lịch ở nhiều địa phương. Thế nhưng, sau các sự cố; trong đó có ít nhất 2 người tử vong, 32 cầu kính bị đóng cửa vì lí do an toàn. Còn tại Việt Nam, cầu kính cũng đã xuất hiện.', 'Trung Quốc hiện có khoảng 2.300 công trình cầu, lối đi và đài quan sát bằng kính, một số có quy mô hoành tráng, thiết kế ấn tượng và giữ các kỷ lục thế giới. Đây đều là những nơi thu hút khách ưa trải nghiệm cảm giác mạnh, giúp phát triển thị trường du lịch nội địa của đất nước tỷ dân.\r\n\r\nHầu hết cầu kính được xây dựng ở các khu vực kém phát triển muốn thu hút khách du lịch, và tìm kiếm cách nhanh chóng, tương đối rẻ để tạo nên sự nổi bật. Tuy nhiên, Trung Quốc chưa có tiêu chuẩn chung cho xây dựng cầu kính,\r\n\r\nMột youtuber có tên “Soloman” chia sẻ cảm xúc sau khi trải nghiệm việc băng qua cây cầu kính ở Thanh Nguyên, Quảng Đông (Trung Quốc)\r\n“Đây là lần đầu tiên tôi đi qua cầu kính. Thực sự rất kỳ lạ, thú vị. Nó hơi lắc một chút khi đi nên khiến tôi hơi sợ. Tôi đã nghĩ nó cũng không có gì đặc biệt cho đến khi nhìn xuống dưới. Trời ơi. Tôi tự hỏi không biết kính này dày bao nhiêu phân đây?”\r\n\r\nĐể cạnh tranh du lịch, các địa phương chạy đua xây dựng hàng trăm dự án cầu, đài quan sát, lối đi bằng kính một cách “thần tốc” chỉ trong vài năm, dưới sự giám sát của các kiến trúc sư và công ty xây dựng không có kinh nghiệm trong lĩnh vực này. Hậu quả, nhiều tai nạn thương tích và tử vong xảy ra.', 't3_1574396860.jpg', 1, 0, 1, '2019-11-21 21:27:40', '2019-11-21 21:27:40'),
(3, 'Cao tốc thông minh cảnh báo sớm nguy cơ tai nạn và ứng dụng ở VN thế nào', 'Cao toc thong minh canh bao som nguy co tai nan va ung dung o VN the nao', 'Lái xe trên đường cao tốc chưa bao giờ là việc dễ dàng, thậm chí tiềm ẩn rất lớn rủi ro TNGT, hiện cơ quan giao thông vận tải bang Colorado đang thử nghiệm công nghệ công nghệ cao tốc thông minh nhằm sớm phát hiện, cảnh báo, giảm thiểu TNGT...', 'Năm 2014, Kristin Hopkins gặp phải một tai nạn ô tô trên tuyến cao tốc 285 bang Colorado (Mỹ) khiến chị mất đi đôi chân và mãi ám ảnh cho tới tận bây giờ. Đó là một trong những vụ tai nạn đáng sợ nhất trên tuyến cao tốc 285 này. \r\n\r\nVụ tai nạn là lời cảnh báo khiến giới chức không thể lơ là vấn đề ATGT và kế hoạch phát triển “Cao tốc thông minh” nhanh chóng được khởi động.\r\n\r\nTừ cuối năm 2018, bang Colorado thử nghiệm “cao tốc thông minh\' trên 800m thuộc tuyến cao tốc 285. Chi phí thử nghiệm lên tới 4 triệu USD (khoảng 93 tỷ đồng) cho mỗi làn đường dài 800m. Theo các chuyên gia, mức phí này cao gấp đôi so với các con đường thông thường, tuy nhiên, nếu công nghệ này chứng minh được sự hữu ích thì sẽ nhanh chóng được nhân rộng toàn quốc.\r\n\r\nĐược biết, mặt đường “cao tốc thông minh” sẽ được phủ các tấm bê tông ‘đặc biệt’, với các cảm biến, có thể kết nối Wi-Fi để truyền và chia sẻ dữ liệu. Cụ thể hơn, những tấm bê tông đặc biệt này sẽ phân tích, đánh dấu thời gian, địa điểm các sự cố. Đồng thời, thông tin sẽ nhanh chóng được chuyển tới Trung tâm khẩn cấp để cảnh báo và yêu cầu trợ giúp. Từ đó, rút ngắn thời gian phản ứng và xử lý hiện trườngvụ việc, giảm thiểu tình trạng ùn tắc.\r\n\r\nQuentin Wilson – Nhà báo chuyên theo dõi các vấn đề giao thông cho biết: \"Các tài xế cần hiểu rằng, tai nạn trên cao tốc thường rất khủng khiếp, sẽ phải đóng cửa 1 hoặc nhiều làn đường để tạo điều kiện cho cho các đơn vị chức năng xử lý, khắc phục sự cố.\"\r\n\r\nBên cạnh những ảnh hưởng nghiêm trọng từ các vụ TNGT, sự cố giao thông trên cao tốc, Ollie Brown – Nhân viên xử lý sự cố giao thông cao tốc cho biết: \"Khi các tài xế được cảnh báo sớm, chúng tôi sẽ rút ngắn được hàng giờ đồng hồ công tác xử lý hiện trường, thời gian ùn tắc trên cao tốc sẽ giảm đi rất nhiều.\"', 't4_1574396985.jpg', 2, 0, 1, '2019-11-21 21:29:45', '2019-11-21 21:29:45'),
(4, 'Vẫn còn doanh nghiệp né tránh kiểm tra sức khỏe đột xuất lái xe', 'Van con doanh nghiep ne tranh kiem tra suc khoe dot xuat lai xe', 'Một số doanh nghiệp vận tải vẫn lơ là hoặc né tránh kiểm tra sức khỏe đột xuất lái xe, đặc biệt là xét nghiệm phát hiện sử dụng ma túy.', 'Theo báo cáo của Thanh tra Sở Giao thông - Vận tải Hà Nội, 6 tháng qua, hai đoàn kiểm tra liên ngành và các đội thanh tra đã tập trung kiểm tra lái xe khách tại các bến xe khách liên tỉnh; kiểm tra tại các doanh nghiệp có phương tiện gây tai nạn trong năm 2018 và giai đoạn 3 tháng đầu năm 2019; đồng thời kiểm tra đột xuất lái xe tải trên đường.\r\n\r\nQua kiểm tra hơn 2.100 phương tiện, đoàn đã lập biên bản xử lý 156 trường hợp lái xe và chủ xe vi phạm, qua đó phạt  tiền gần 674 triệu đồng. Đặc biệt, với 12 trường hợp lái xe dương tính với các chất ma túy bị phát hiện, đoàn kiểm tra đã yêu cầu các đơn vị kết thúc hợp đồng với các lái xe vi phạm và cam kết không sử dụng lái xe có sử dụng ma túy.\r\n\r\nTại 16 doanh nghiệp kinh doanh vận tải có phương tiện gây tai nạn được kiểm tra, đoàn đã lập biên bản vi phạm hành chính 13 đơn vị, phạt tiền 94 triệu đồng với các hành vi vi phạm chủ yếu như: Sử dụng người điều hành hoạt động vận tải không đủ điều kiện theo quy định; không tổ chức khám sức khỏe định kỳ cho lái xe...\r\n\r\nTheo đánh giá của ông Vũ Hà, Phó Giám đốc Sở Giao thông - Vận tải Hà Nội, với sự vào cuộc quyết liệt của các cơ quan, đơn vị chức năng, các vụ tai nạn giao thông liên quan đến lái xe có sử dụng rượu bia, chất ma túy trên địa bàn đã giảm rõ rệt. Cơ bản người điều khiển phương tiện đều chấp hành yêu cầu kiểm tra và công nhận kết quả xét nghiệm.\r\n\r\nTuy nhiên, một số doanh nghiệp vận tải vẫn lơ là hoặc né tránh kiểm tra sức khỏe đột xuất lái xe, đặc biệt là xét nghiệm phát hiện sử dụng ma túy. Một phần do doanh nghiệp ngại mất khoản chi phí phát sinh, ngại tốn thời gian khi để lái xe đi khám. Phần khác do doanh nghiệp thiếu tự giác, chưa coi trọng đúng mức sự an toàn cho cộng đồng xã hội.\r\n\r\nÔng Nguyễn Văn Quyền, Chủ tịch Hiệp hội vận tải ô tô Việt Nam cũng cho rằng, mặc dù thực trạng tài xế nghiện ma túy đã được cảnh báo, song, trong một số trường hợp doanh nghiệp vẫn cố tình phớt lờ quy định khám sức khỏe cho tài xế, viện dẫn lái xe đi công tác đúng ngày khám sức khỏe. Ông Nguyễn Văn Quyền nhấn mạnh\r\n“Việc khám sức khỏe cho người lái xe nếu không tổ chức tập trung và không có sự giám sát của các cơ quan quản lý nhà nước thì còn nhiều kẽ hở. Nhiều cơ sở có thẩm quyền khám sức khỏe cho người lái xe không thực hiện đúng, đủ nội dung cần khám cũng như kết quả khám, kết quả xét nghiệm không phản ánh chính xác thực trạng sức khỏe của người lái xe\".\r\n\r\nTrong bối cảnh nhiều vụ TNGT nghiêm trọng xảy ra liên quan đến tài xế sử dụng rượu bia, ma túy, đây là giải pháp kịp thời và hữu hiệu nhằm đảm bảo an toàn cho hành khách và người tham gia giao thông. Qua công tác kiểm tra đã nâng cao ý thức, trách nhiệm của doanh nghiệp vận tải và người điều khiển phương tiện tham gia giao thông... Trên cơ sở đó, thành phố sẽ tiếp tục đẩy mạnh công tác kiểm tra, xử lý trong giai đoạn từ nay cho đến hết năm 2020.\r\n\r\nÔng Lê Xuân Tiến – Phó Chánh thanh tra Sở GTVT Hà Nội cho biết\r\n# UBND TP Hà Nội vừa ban hành Quyết định sửa đổi việc phê duyệt phương án giá vé vận chuyển hành khách công cộng bằng xe buýt có trợ giá trên địa bàn TP Hà Nội. Trong đó, UBND TP giao Sở Giao thông Vận tải chủ trì phối hợp với các ngành hướng dẫn và tổ chức thực hiện việc phát hành thẻ đi xe buýt miễn phí cho người có công, người khuyết tật, người cao tuổi, trẻ em dưới 6 tuổi, nhân khẩu thuộc hộ nghèo.\r\n\r\n# Sở Giao thông - Vận tải Hà Nội đang xây dựng phương án thí điểm cấm các phương tiện giao thông hoạt động trong thời gian 1 tháng đối với toàn bộ không gian đi bộ xung quanh hồ Hoàn Kiếm. Dự kiến, 9 tuyến phố sẽ cấm phương tiện hoạt động gồm: Đinh Tiên Hoàng, Lê Thái Tổ, Hàng Khay, một phần phố Tràng Tiền, Đinh Lễ, Lê Thạch, Lê Lai, một đoạn phố Hàng Dầu, Lò Sũ và khu vực Quảng trường Đông Kinh Nghĩa Thục.', 'n1_1574419267.jpg', 3, 0, 2, '2019-11-22 03:41:08', '2019-11-22 03:41:08'),
(5, 'Những bất cập trong xử phạt ‘nguội’ vi phạm giao thông', 'Nhung bat cap trong xu phat ‘nguoi’ vi pham giao thong', 'Hà Nội là một trong những địa phương đi tiên phong áp dụng công nghệ vào giám sát và xử lý vi phạm giao thông đường bộ. Tuy nhiên, những bất cập phát sinh trong quá trình thực hiện đã khiến công tác xử phạt “nguội” chưa thực sự hiệu quả.', 'Mặc dù việc áp dụng khoa học công nghệ, đầu tư hệ thống camera giám sát giao thông là cần thiết, song thực trạng hiện nay là mỗi dự án camera giám sát, xử phạt vi phạm giao thông lại do từng đơn vị riêng rẽ triển khai, chỉ mang tính đơn lẻ và không có tiêu chuẩn chung, nên không kết nối được với nhau, dẫn đến lãng phí nguồn lực đầu tư.\r\n\r\nTrong khi đó, việc đầu tư theo hình thức xã hội hóa chưa thực hiện được do chưa được cụ thể hóa trong các văn bản quy phạm pháp luật về cơ chế hoàn vốn cho nhà đầu tư.\r\n\r\nAnh Nguyễn Văn Thịnh, ở quận Hai Bà Trưng, Hà Nội nêu ý kiến:\r\n“Hiện nay có nhiều giải pháp công nghệ để tích hợp, đồng bộ hóa tín hiệu camera để tránh việc treo quá nhiều camera tại một ngã tư như hiện nay. Thành phố cần sớm triển khai cái này để tránh chồng chéo, giảm bớt chi phí\".\r\n\r\nThời gian tới, các cơ quan chức năng sẽ tiếp tục tăng cường ứng dụng thiết bị công nghệ kỹ thuật vào giám sát, xử lý vi phạm. Theo đó, đại diện Sở Giao thông - Vận tải Hà Nội cho biết, đơn vị này đang tiếp tục khảo sát các vị trí tiềm ẩn phức tạp về giao thông, đặc biệt là các khu vực bến xe và tuyến đường trọng điểm để tiến hành lắp đặt bổ sung camera theo dõi các phương tiện dừng, đỗ đón trả khách không đúng nơi quy định. Các dữ liệu này sẽ được chuyển tới cơ quan liên quan phục vụ công tác xử lý vi phạm.\r\n\r\nTrước đó, Giám đốc Sở Giao thông - Vận tải Hà Nội Vũ Văn Viện đã có công văn đề nghị UBND thành phố Hà Nội chấp thuận chủ trương đấu thầu thuê phần mềm dùng chung để quản lý, xử lý thông tin qua hệ thống camera do các quận, huyện, thị xã và cơ quan chức năng đầu tư phục vụ công tác điều hành giao thông, an ninh trật tự trên địa bàn thành phố.\r\n\r\nĐáng chú ý, ngoài yêu cầu phải kết nối đồng bộ với hệ thống camera sẵn có, một trong những tính năng quan trọng của phần mềm này là phải tự động xác định vi phạm của các phương tiện giao thông đường bộ trong khu vực có hệ thống camera quan sát để cung cấp cho các đơn vị chức năng phạt “nguội” khi cần.\r\n\r\nÔng Trần Hữu Minh, Phó Chánh Văn phòng Ủy ban An toàn giao thông quốc gia nêu đóng góp, trước khi đầu tư, nên có phân tích đánh giá chi tiết nhu cầu, qua đó có thể đầu tư camera tại từng vị trí với những tính năng phù hợp. Sau khi có hệ thống camera, cần có quy định cụ thể về việc bảo mật, phân tích, xử lý, chia sẻ giữa các lực lượng chức năng. \r\n“Có những nơi có quá nhiều camera trong khi mục tiêu chung cũng chỉ để giám thôi nên chúng ta hoàn toàn có thể tích hợp lại vào một camera. Ngược lại có những nơi cần camera thì chưa có nên đây là thực trạng đang gây chồng chéo, lãng phí, gây mất mỹ quan đô thị. Chúng ta nên có phương án quy hoạch chi tiết, từ đó có phương án đầu tư phù hợp, chia sẻ và bảo mật thông tin thì hiệu quả của hệ thống sẽ rất cao”.\r\n# Ông Nguyễn Thế Hùng, Phó Chủ tịch UBND TP Hà Nội mới đây cho biết, trong tháng qua, lực lượng chức năng đã ra quân xử lý nghiêm vi phạm hành lang an toàn giao thông đường sắt trên địa bàn. 100% các hộ dân sống ven đường sắt được vận động ký cam kết không lấn chiếm hành lang đường sắt, tháo dỡ các hạng mục vi phạm.\r\n\r\nLực lượng chức năng quận Hoàn Kiếm đã xử phạt 68 trường hợp quán cà phê lấn chiếm hành lang đường sắt khu vực Phùng Hưng với tổng số tiền 153 triệu đồng.\r\n\r\n# Theo báo cáo của Thanh tra Sở Giao thông - Vận tải Hà Nội, 6 tháng qua, qua kiểm tra hơn 2.100 phương tiện, đoàn kiểm tra liên ngành đã lập biên bản xử lý 156 trường hợp lái xe và chủ xe vi phạm, qua đó phạt tiền gần 674 triệu đồng.\r\n\r\nĐặc biệt, với 12 trường hợp lái xe dương tính với các chất ma túy bị phát hiện, đoàn kiểm tra đã yêu cầu các đơn vị kết thúc hợp đồng với các lái xe vi phạm và cam kết không sử dụng lái xe có sử dụng ma túy.', 'n2_1574419505.jpg', 4, 0, 2, '2019-11-22 03:45:05', '2019-11-22 03:45:05'),
(6, 'Cấm xe một tháng ở không gian đi bộ hồ Hoàn Kiếm', 'Cam xe mot thang o khong gian di bo ho Hoan Kiem', 'Mới đây, UBND TP Hà Nội vừa yêu cầu Sở GTVT nghiên cứu, đề xuất thí điểm không cho các phương tiện giao thông hoạt động trong thời gian 1 tháng đối với toàn bộ không gian đi bộ xung quanh hồ Hoàn Kiếm.', '\"Như thế dân cũng bí chứ. Nhưng cũng có cái hay tức là tạo điều kiện, tạo phố đi bộ, tạo thành thói quen. Bản thân bác bác cũng đồng tình. Tôi thấy rất ổn, 1 tháng cũng được, không sao cả. Tuy vậy, với những hộ kinh doanh quanh hồ Hoàn Kiếm cũng tỏ ra lo ngại khi cấm các phương tiện đi vào khu vực phố đi bộ\".\r\n\r\n\"Rất bất tiện, bất tiện cho các cửa hàng kinh doanh. Bình thường khách hàng bây giờ vẫn đi bằng xe máy, bây giờ không đi vào được thì đương nhiên chúng tôi mất khách\".\r\n\r\nTuy vậy, theo báo cáo 3 năm thực hiện thí điểm cho thấy, tuyến phố đi bộ quanh hồ Hoàn Kiếm đã tạo dựng một điểm đến, điểm nhấn của Thành phố, không gian đẹp gắn với các di tích văn hóa lịch sử là một chủ trương đúng đắn. Quá trình tổ chức thí điểm đã góp phần nâng cao chất lượng các hoạt động văn hóa, dịch vụ, du lịch, nhận được sự quan tâm, đánh giá tốt của nhân dân Thủ đô, các địa phương lân cận cũng như các du khách quốc tế.\r\n\r\nVề chủ trương cấm các phương tiện đi vào không gian phố đi bộ quanh hồ Hoàn Kiếm trong vòng 1 tháng, ông Vũ Văn Viện, Giám đốc Sở GTVT Hà Nội cho biết, đơn vị này đang phối hợp với Công an Thành phố, UBND quận Hoàn Kiếm tiến hành khảo sát cụ thể về luồng tuyến, bãi đỗ xe xung quanh khu vực Hồ Hoàn Kiếm để lên phương án thí điểm cấm xe trong 1 tháng. Mục đích của việc thí điểm nhằm tìm giải pháp lâu dài cho việc quản lý phương tiện đi vào nội đô.\r\n\r\nTrong tháng 10/2019, Sở GTVT Hà Nội sẽ báo cáo Thành phố phương án cấm phương tiện giao thông đi vào không gian đi bộ quanh hồ Hoàn Kiếm để Thành phố quyết định.\r\n\r\nVề phía các chuyên gia, ông Phạm Hoài Chung, Giám đốc Trung tâm giao thông đô thị và nông thôn, Viện Chiến lược và phát triển GTVT cho rằng, đây là chủ trương cần thiết và làm càng sớm càng tốt. Việc giảm mật độ phương tiện tại khu vực trung tâm cũng sẽ góp phần thu hút khách du lịch trong nước và quốc tế đến với Hà Nội:\r\n\"Cái này xu thế của thế giới người ta cũng phát triển như vậy để mở rộng không gian đi bộ. Và đặc biệt hoạt động này là bộ mặt của Thủ đô. Trong bối cảnh áp lực giao thông như hiện nay thì chúng ta càng tìm được không gian để mở rộng phố đi bộ như này thì tốt cho người dân. Các ý kiến cũng cho rằng, việc hạn chế phương tiện đi vào không gian đi bộ xung quanh hồ Hoàn Kiếm không chỉ nhằm mục tiêu tìm giải pháp lâu dài cho việc quản lý phương tiện đi vào nội đô, mà việc giảm mật độ phương tiện trong khu vực trung tâm có nghĩa là chất lượng không khí do phương tiện giao thông cơ giới sẽ giảm đi cho nên là sẽ tốt hơn cho không khí, cho môi trường\".\r\n# UBND TP Hà Nội vừa ban hành kế hoạch phát triển phương tiện vận tải công cộng, phấn đấu năm 2021-2025 đưa xe buýt điện vào hoạt động. Theo đó, UBND TP Hà Nội yêu cầu Sở GTVT tập trung phát triển mạng lưới xe buýt ngang; tăng cường khảo sát để mở rộng thị trường, khuyến khích người dân sử dụng xe buýt. Phấn đấu đến năm 2021-2025 đưa xe buýt điện vào hoạt động.\r\n\r\n# Theo Sở GTVT Hà Nội, trong tuần qua, sản lượng toàn mạng vận tải hành khách công cộng bằng xe buýt của Thành phố vận chuyển ước đạt 118 nghìn lượt xe với 9,43 triệu lượt hành khách. Riêng tuyến BRT01 vận chuyển đạt hơn 2.500 lượt xe với trên 100 nghìn lượt hành khách.\r\n\r\n# Báo cáo của Sở GTVT Hà Nội cho thấy, trong tuần qua, lực lượng thanh tra GTVT Hà Nội đã kiểm tra điều kiện phương tiện của 63 xe khách, kiểm tra nồng độ cồn và chất ma túy đối với 63 lái xe khách. Qua kiểm tra đã phát hiện 2 trường hợp dương tính với chất ma túy và chuyển cơ quan công an xử lý theo quy định.', 'n3_1574419691.jpg', 4, 0, 2, '2019-11-22 03:48:11', '2019-11-22 03:48:11'),
(7, '32 nhà đầu tư trong nước nộp hồ sơ thầu dự án cao tốc Bắc - Nam phía Đông', '32 nha dau tu trong nuoc nop ho so thau du an cao toc Bac - Nam phia Dong', 'Trong 8 dự án cao tốc Bắc – Nam phía Đông thực hiện theo hình thức PPP (hợp tác công - tư), dự án có số lượng hồ sơ nộp nhiều nhất là 9 bộ hồ sơ, còn dự án ít nhất là 2 bộ hồ sơ. Tuy nhiên, danh tính các nhà thầu chưa được tiết lộ theo quy định của pháp luật về đấu thầu.', 'Theo thông tin từ các Ban quản lý dự án của Bộ Giao thông Vận tải, sau 30 ngày phát hành hồ sơ mời sơ tuyển nhà đầu tư cao tốc Bắc – Nam phía Đông theo hình thức đấu thầu trong nước, các Ban quản quản lý dự án đã bán được 93 bộ hồ sơ cho các nhà đầu tư trong nước quan tâm. Đến thời điểm đóng thầu vào đầu tuần qua, các ban quản lý dự án đã nhận được 32 bộ hồ sơ của nhà đầu tư, liên danh nhà đầu tư trong nước tham gia dự tuyển.\r\n \r\nCụ thể, trong 8 dự án cao tốc Bắc – Nam phía Đông thực hiện theo hình thức PPP (hợp tác công - tư), dự án có số lượng hồ sơ nộp nhiều nhất là 9 bộ hồ sơ, còn dự án ít nhất là 2 bộ hồ sơ. Tuy nhiên, danh tính các nhà đầu tư, liên danh nhà đầu tư hiện chưa được tiết lộ theo quy định của pháp luật về đấu thầu.\r\n \r\nSau khi mở thầu bước sơ tuyển nhà đầu tư, các Ban quản lý dự án sẽ tiến hành chấm sơ tuyển để đánh giá năng lực và kinh nghiệm của nhà đầu tư theo các tiêu chí quy định trong hồ sơ mời thầu. Theo lộ trình dự kiến, công tác sơ tuyển nhà đầu tư của 8 dự án PPP cao tốc Bắc – Nam phía Đông  sẽ hoàn thành trong tháng 2/2020. Sau đó, các Ban quản lý dự án sẽ tiến hành đấu thầu lựa chọn nhà đầu tư cho các dự án.\r\n \r\nỞ giai đoạn sơ tuyển, Bộ Giao thông Vận tải chấm theo thang điểm 100. Trong đó, mức điểm năng lực về tài chính của nhà đầu tư chiếm 60 điểm; năng lực về kinh nghiệm của nhà đầu tư chiếm 30 điểm và phương pháp triển khai dự án của nhà đầu tư chiếm 10 điểm. Mỗi dự án sẽ lựa chọn tối đa 5 nhà đầu tư được tính theo thang điểm từ cao xuống thấp.\r\n \r\nTrước đó, từ cuối tháng 5/2019, các Ban quản lý dự án thuộc Bộ Giao thông Vận tải phát hành hồ sơ mời sơ tuyển 8 dự án PPP cao tốc Bắc – Nam phía Đông theo hình thức đấu thầu rộng rãi quốc tế. Tính đến cuối tháng 7/2019, sau 2 tháng kể từ thời điểm phát hành hồ sơ mời sơ tuyển, bên mời thầu ( Bộ Giao thông Vận tải) đã nhận được 60 bộ hồ sơ dự tuyển.\r\n \r\nTheo kết quả đánh giá hồ sơ dự sơ tuyển của bên mời thầu và quá trình thẩm định làm rõ của cơ quan nhà nước có thẩm quyền, có 4 dự án không có nhà đầu tư vượt qua sơ tuyển, 2 dự án có duy nhất 1 nhà đầu tư vượt qua sơ tuyển, 1 dự án có từ 2 nhà đầu tư và 1 dự án có 3 nhà đầu tư vượt qua sơ tuyển. Như vậy, số lượng nhà đầu tư vượt qua sơ tuyển không nhiều, tính cạnh tranh không cao.\r\n \r\nSau khi đánh giá trách nhiệm pháp lý quy định tại hồ sơ mời sơ tuyển quốc tế đã phát hành và Luật Đấu thầu, trên cơ sở thống nhất của các cơ quan liên quan, ngày 15/9/2019, Bộ Giao thông Vận tải quyết định hủy sơ tuyển theo hình thức đấu thầu rộng rãi quốc tế và điều chỉnh hồ sơ mời sơ tuyển phù hợp với hình thức đấu thầu rộng rãi trong nước lựa chọn nhà đầu tư thực hiện 8 dự án PPP thuộc dự án đường bộ cao tốc Bắc - Nam phía Đông.\r\n \r\n8 đoạn cao tốc Bắc – Nam phía Đông giai đoạn 2017-2020 kêu gọi đầu tư tư nhân theo hình thức BOT, có số vốn nhà đầu tư phải thu xếp khoảng 63.716 tỷ đồng; trong đó, vốn chủ sở hữu các nhà đầu tư khoảng 12.743 tỷ đồng, vốn vay khoảng 50.973 tỷ đồng, phần còn lại ngân sách nhà nước hỗ trợ, gồm các đoạn:  Đoạn Mai Sơn - Quốc lộ 45 (qua Ninh Bình - Thanh Hóa), dài 63km, tổng mức đầu tư khoảng 12.900 tỷ đồng. \r\n \r\nĐoạn Quốc lộ 45 - Nghi Sơn (Thanh Hóa), dài 43 km, tổng mức đầu tư hơn 6.300 tỷ đồng; đoạn Nghi Sơn - Diễn Châu (Thanh Hóa - Nghệ An), dài 50 km, tổng mức đầu tư hơn 8.300 tỷ đồng; đoạn Diễn Châu - Bãi Vọt (Nghệ An - Hà Tĩnh), dài 50 km, tổng mức đầu tư hơn 13.300 tỷ đồng; đoạn Nha Trang - Cam Lâm, dài 50km, tổng vốn đầu tư hơn 7.615 tỷ đồng; trong đó vốn nhà nước hỗ trợ hơn 5.058 tỷ đồng. \r\n \r\nĐoạn Cam Lâm - Vĩnh Hảo, dài 79km, tổng vốn đầu tư hơn 13.687 tỷ đồng; trong đó vốn nhà nước hỗ trợ hơn 9.311 tỷ đồng;  đoạn Vĩnh Hảo - Phan Thiết (Bình Thuận), dài 101 km, tổng vốn đầu tư hơn 11.600 tỷ đồng và đoạn Phan Thiết - Dầu Giây, dài 99km, tổng vốn đầu tư hơn 14.359 tỷ đồng; trong đó vốn nhà nước hỗ tợ hơn 2.480 tỷ đồng./.', 'n4_1574419886.jpg', 4, 0, 1, '2019-11-22 03:51:26', '2019-11-22 03:51:26'),
(8, 'Trải nghiệm xe tự hành của FPT', 'Trai nghiem xe tu hanh cua FPT', 'Khách tham dự sự kiện FPT Techday 2019 lần đầu được trải nghiệm di chuyển bằng xe tự hành công nghệ Made in Vietnam.', 'Sáng nay (21/11), Diễn đàn Công nghệ FPT 2019 (FPT Techday 2019) với chủ đề “Khởi động thông minh” (Start Smart) chính thức diễn ra tại Hà Nội.\r\n\r\nBên cạnh việc được chăm sóc bằng trợ lý ảo, phát triển từ nền tảng trí tuệ nhân tạo FPT.AI, khách tham dự sự kiện cũng lần đầu được trải nghiệm di chuyển bằng xe tự hành công nghệ Made in Vietnam.\r\nCông nghệ xe tự hành là giải pháp vận chuyển người và hàng hóa tự động do FPT phát triển, nhằm giải quyết các nhu cầu vận chuyển cự ly ngắn trong các khu đô thị thông minh, khu nghỉ dưỡng, kho hàng, nhà máy lớn. \r\n\r\nChia sẻ với phóng viên, ông Hứa Tuấn Anh, Quản lý dự án Xe tự hành của FPT cho biết: “FPT muốn đầu tư vào các mảng công nghệ khác nhau trong đó có xe tự hành. Bên cạnh đó, hiện nay, nhiều doanh nghiệp cũng muốn áp dụng công nghệ mới, xu thế mới tại các khu như resort, sân golf hay đô thị thông minh… Đó là một trong những lý do, FPT quyết định đầu tư vào lĩnh vực này”.\r\nĐược thử nghiệm từ năm 2017, giải pháp xe tự lái được chứng minh có thể giúp tối ưu chi phí vận hành, nâng cao trải nghiệm của người sử dụng, triển khai nhanh chóng, dễ dàng nhưng vẫn đảm bảo an toàn trong quá trình sử dụng.\r\n\r\nNói về hệ thống công nghệ trên xe tự hành, ông Hứa Tuấn Anh cho biết thêm: “Trên chiếc xe tự hành của FPT có rất nhiều cảm biến khác nhau. Ví dụ, trên nóc chiếc xe có thiết bị Lidar có thể quét 360 độ bằng ánh sáng, từ đó, các kỹ sư có thể tạo lập được bản đồ 3D để xe xác định vị trí và lập trình cho xe chạy. Ngoài ra còn có hệ thống camera giúp xe phát hiện, tránh những vật cản như người, xe cộ… trong quá trình di chuyển”.\r\nTham gia sự kiện FPT Techday 2019 trong buổi sáng nay không chỉ có các tín đồ công nghệ trẻ tuổi, nhiều vị khách lớn tuổi cũng rất hào hứng khi lần đầu trải nghiệm công nghệ xe tự hành của FPT.\r\n\r\nBác Nguyễn Thanh Lý, kỹ sư ô tô ở Hà Nội chia sẻ: “Tôi cho rằng đây là khởi điểm để sau này chúng ta ứng dụng vào thành phố thông minh. Trước hết từ những khu đô thị, chung cư nhỏ. Trên xe tự hành có nhiều thiết bị tiên tiến, hệ thống có thể quan sát được chướng ngại vật, duy trì được tốc độ hợp lý, đảm bảo an toàn giao thông. Trong tương lai ứng dụng công nghệ này cho đô thị lớn thì càng có giá trị”.\r\nCũng lần đầu trải nghiệm xe tự hành, anh Ngô Văn Lực, giảng viên một trường Đại học tại Hà Nội cho biết thêm: “Các phương tiện thông tin đại chúng nói rất nhiều về xe tự hành nên hôm nay tôi muốn đến đây để trải nghiệm thực tế. Tôi thấy hệ thống công nghệ trên xe rất tiên tiến. Đặc biệt, xe có thể nhận diện các chướng ngại vật trên đường và tự động dừng lại…”.\r\nKhởi động chuỗi sự kiện Techday từ 2013, qua 6 năm, FPT Techday trở thành diễn đàn công nghệ uy tín, chia sẻ xu hướng công nghệ cập nhật trên thế giới và Việt Nam.\r\nDiễn đàn FPT Techday 2019 tiếp tục mang đến những điểm nhấn công nghệ , đặc biệt là công nghệ xe tự hành và cuộc thi Đấu trường công nghệ gay cấn.', 'n5_1574420143.jfif', 4, 0, 3, '2019-11-22 03:55:43', '2019-11-22 03:55:43'),
(9, 'Cẩm nang về Dakar Rally, giải đua xe khắc nghiệt nhất hành tinh', 'Cam nang ve Dakar Rally, giai dua xe khac nghiet nhat hanh tinh', 'Thường diễn ra trên những đường đua hoang sơ và hiểm trở bậc nhất, Dakar Rally còn là nơi những tay đua thử thách giới hạn và sức chịu đựng của bản thân.', 'Giống như Galileo phát hiện ra sao Thổ vì nghĩ đây là một vệ tinh của sao Mộc, Dakar Rally ra đời từ một nhầm lẫn hết sức tình cờ. Trong cuộc đua Abidjan-Nice Rally diễn ra vào năm 1977, tay đua người Pháp, Thierry Sabine bị lạc giữa sa mạc Tenere, phía nam Sahara. Hành trình trở về với đoàn đua của Sabine hết sức khó khăn. Ông phải lái xe vượt qua những đụn cát thẳng đứng, những con dốc cheo leo.\r\nĐó là lúc Sabine nảy ra ý tưởng về một cuộc đua độc nhất vô nhị: Không có đường mòn, cũng chẳng có lối tắt. Một cuộc đua dài chỉ có con người giữa thiên nhiên. Nghĩ là làm, ông liền vạch ra một lộ trình hùng tráng kéo dài 10.000km từ Paris đến Dakar, thủ đô của Senegal. Cuộc đua vắt qua cả 2 quốc gia Algeria, Niger.\r\n\r\nDakar Rally tổ chức lần đầu tiên vào tháng 12/1979. Có tổng cộng 182 tay đua can đảm chinh phục thử thách, nhưng chỉ 74 người hoàn tất hành trình. Con số đó đủ để nói lên sự khắc nghiệt của giải đấu này. Hai tuần diễn ra Dakar Rally luôn là thời điểm các tay đua phải căng mình ra. Bên cạnh khát khao giành chức vô địch, họ còn cần phải đảm bảo mạng sống an toàn trên đường đua.\r\n\r\nĐến năm 1992, Dakar Rally bắt đầu thay đổi lộ trình. Đích đến Dakar được thay bằng Cape Town và từ đó mỗi năm đường đua đến được làm mới. Năm 1995, Tây Ban Nha có vinh dự trở thành điểm xuất phát. Đến năm 2000, các tay đua cán đích ngay dưới chân Kim tự tháp Giza. Dù vậy, đúng như tên gọi của cuộc đua, Dakar gần như luôn xuất hiện mỗi lần giải đấu tổ chức.\r\nBất chấp sự khắc nghiệt đã thành thương hiệu của mình, Dakar Rally ngày càng thu hút nhiều tay đua hơn theo thời gian. Trung bình mỗi giải đấu có khoảng 400 tay đua đăng ký thử sức. Năm 2005 chứng kiến thời kỳ hoàng kim của Dakar Rally, khi có đến 688 người tham gia. Tuy vậy, điều đáng buồn là cha đẻ của cuộc đua lại không thể nhìn đứa con của mình dần trưởng thành. Thierry Sabine qua đời ở Dakar Rally 1986, khi chiếc trực thăng chở ông gặp tai nạn vì bão cát.\r\n\r\nNgay cả những tay đua từng thành công ở Dakar Rally cũng chia sẻ không ít lần họ đối mặt với cảnh cận kề cái chết trên đường đua. Nani Roma, người từng vô địch giải đấu ở thể loại đua xe máy năm 2004 nói: “Không cuộc đua nào vắt kiệt thể chất và tinh thần chúng tôi như Dakar Rally cả. Cứ thử tưởng tượng bạn phải băng mình giữa tiết trời nóng đến 50 độ C giữa ban ngày và đóng băng khi về đêm thì sẽ hiểu, chưa kể đường đua toàn những con dốc đứng nữa”.\r\nSabine không phải người duy nhất thiệt mạng trong hành trình lịch sử 40 năm của Dakar Rally. Năm 2008, 4 công dân Pháp và 3 binh sĩ Mauritani bị sát hại ngay ở khu vực diễn ra các chặng đua. Thủ phạm của vụ thảm sát được cho là các tay súng thuộc tổ chức khủng bố Al-Qaeda. Chưa đầy 1 tháng sau vụ việc trên, quân khủng bố thậm chí còn táo tợn đánh bom giữa thủ đô Nouakchott.\r\n\r\nTình hình an ninh không đảm bảo tại châu Phi khiến đơn vị tổ chức Dakar Rally buộc phải di chuyển địa điểm cuộc đua sang địa điểm khác. Vì thế kể từ năm 2009 đến nay, Nam Mỹ trở thành vùng đất mới cho các tay đua đến khám phá. Những quốc gia như Chile, Argentina và Peru nhiệt liệt hoan nghênh giải đấu này bởi đây là cơ hội vàng để họ quảng bá du lịch.\r\n\r\nViệc thắt chặt an ninh giúp Dakar Rally dần thu hút nhiều tên tuổi trong làng đua xe đến tham dự. Khi tổ chức lần đầu vào năm 1979, 80% số tay đua tham dự giải đấu là dân nghiệp dư. Còn bây giờ, phần lớn tay đua đến với Dakar Rally đều là những “anh hùng xa lộ” dày dạn kinh nghiệm như nhà vô địch đua xe đường trường Carlos Sainz. Một vài người nổi tiếng như ca sĩ Pháp Johnny Hallyday cũng thỉnh thoảng xuất hiện.\r\nTuy vậy, chẳng ai trong số những cái tên nói trên khiến ban tổ chức Dakar Rally toát mồ hôi hột như Mark Thatcher. Cậu quý tử của “Bà đầm thép” Margaret Thatcher hào hứng đến Dakar Rally tranh tài vào năm 1982, khi thân mẫu đang là đương kim Thủ tướng Anh. \r\n\r\nGiữa chặng đua băng qua sa mạc Sahara, Mark bỗng nhiên mất tích. Phải 6 ngày sau, đội cứu hộ mới tìm thấy cậu trong tình trạng sống dở chết dở. Đó là một sự cố “hú hồn” khiến những nhà tổ chức không bao giờ quên.', 'n6_1574420320.jpg', 4, 0, 6, '2019-11-22 03:58:40', '2019-11-22 03:58:40'),
(10, 'Mặt trái của cách mạng 4.0 trong bóng đá', 'Mat trai cua cach mang 4.0 trong bong da', 'Bóng đá thời đại mới đang chứng kiến sự lên ngôi của công nghệ và dữ liệu. Tuy nhiên, điều đó không hề giúp môn thể thao vua trở nên hấp dẫn hơn.', 'Con đường đến với bóng đá đỉnh cao của Andre Villas-Boas là hình mẫu trong mơ với những ai nuôi mộng cầm quân ở những đội bóng hàng đầu. Mọi người đều biết Villas-Boas là trợ lý cũ của Jose Mourinho, nhưng ít ai ngờ ông bước vào thế giới bóng đá với tư cách “HLV qua màn ảnh nhỏ”.\r\n\r\nNăm 16 tuổi, ông tình cờ biết mình sống chung một khu nhà với Sir Bobby Robson, HLV trưởng Porto thời điểm ấy. Sau nhiều buổi rình mò, Villas-Boas gặp Robson để tranh cãi về chiến thuật.\r\n\r\nĐôi bên cãi nhau nảy lửa và kết thúc bằng lời mời từ ông già người Anh: “Nếu cháu giỏi như vậy thì làm HLV đi”. Kể từ đó, Villas-Boas trở thành trinh sát viên thăm dò đối phương của Robson. Đổi lại, ông giới thiệu chàng trai trẻ người Bồ Đào Nha đến Scotland học chứng chỉ huấn luyện bóng đá. Năm 20 tuổi, Villas-Boas đã sở hữu bằng UEFA Pro, rồi lập tức có vị trí GĐKT ở ĐTQG British Virgin Islands.\r\n\r\nVillas-Boas từng là ngoại lệ đặc biệt trong bóng đá: Một HLV đi lên chuyên nghiệp khi còn rất trẻ, chưa bao giờ đá bóng và cầm quân ở những CLB có cầu thủ còn nhiều tuổi hơn mình. Nhưng sau nhiều năm, đến thời điểm hiện tại, những người như ông không còn hiếm nữa. Thuyền trưởng hiện tại của RB Leipzig là Julian Nagelsmann, một người mới 32 tuổi nhưng đã có 7 năm làm HLV. Đồng nghiệp của ông tại  Bremen là Florian Kohfeldt cũng mới chỉ 37 tuổi.\r\n\r\nPhong cách huấn luyện của những HLV thời đại mới như Villas-Boas, Nagelsmann hay Kohfeldt đều có một điểm chung: Sùng bái dữ liệu. Trong trường hợp của Villas-Boas, ông có công thức chung cho mọi đội bóng mình dẫn dắt. Tại Porto, Chelsea hay Tottenham, Villas-Boas đều sử dụng hai tiền vệ đánh chặn ở khu trung tuyến, cùng một tiền đạo càn lướt phía trên. Cách làm đó không khác nào điều khiển cầu thủ trong trò chơi điện tử.\r\nNgoài những HLV điều khiển đội bóng như chơi game, cách mạng 4.0 trong bóng đá còn tạo ra một nghề nghiệp hoàn toàn mới: Chuyên gia phân tích dữ liệu. Người nắm vị trí này ở các CLB nhận lương cao ngất ngưởng dù kinh nghiệm làm việc gần như không có. Nguồn gốc của họ trước khi đến với bóng đá cũng trên trời dưới bể: sinh viên mới ra trường, biên tập viên, phóng viên, quản lý một nhóm thanh niên yêu thích bóng đá trên mạng, thậm chí là cả những người thất nghiệp.\r\n\r\nNhững hệ lụy khó lường\r\n\r\nBilly Beane, người tiên phong áp dụng phân tích dữ liệu vào môn bóng chày, và sau này là bóng đá cũng thừa nhận thành công của ông đến từ một khoảnh khắc không số liệu nào mô tả được. Người mang về kỷ lục 20 trận thắng liên tiếp của Athletics tại MLB (giải bóng chày nhà nghề Mỹ) là Scott Hatteberg, một chuyên gia bỏ bóng nhưng hôm đó anh lại đánh bóng ăn điểm trực tiếp! Có điều, chia sẻ của Beane chẳng được giới quản lý bóng đá đếm xỉa tới.\r\n\r\nCác CLB tiếp tục áp dụng phân tích số liệu máy móc và cứng nhắc vào thể thao, với chuyên gia là những thanh niên trẻ măng không hiểu gì về bóng đá. Từ phân tích số liệu, một vài người trong số họ dần đảm nhiệm cả công tác tuyển trạch, quản lý nhân sự. Những hệ lụy bắt đầu từ đó.\r\n\r\n“Những HLV ra đời trong thời buổi cách mạng dữ liệu đều có một điểm chung: Họ rất sợ thua cuộc.Bởi vậy, thay vì tìm cách giành chiến thắng để tận hưởng vinh quang, họ chỉ cố gắng lắm mọi cách để ngăn thất bại xảy ra”, Juan Mata từng nói như thế\r\n\r\nLối đá sử dụng 2 tiền vệ đánh chặn của Villas-Boas là sản phẩm tiêu biểu của một người sợ thua như thế. Ở CLB nào ông cũng thua rất ít, nhưng bù lại thì hòa rất nhiều. Do đó Villas-Boas chỉ có thể thành công ở Porto và Zenit, những CLB có tiềm lực tài chính mạnh hơn rất nhiều so với phần còn lại ở giải quốc nội. Khi chuyển tới Chelsea và Tottenham, những thành công tương tự không bao giờ đến.\r\n\r\nMột hệ lụy khác của việc tôn sùng số liệu trong huấn luyện bóng đá là sự tuyệt chủng của những số 10 cổ điển. Không còn những người như Riquelme nữa, thay vào đó là mẫu tiền vệ đa năng kiểu Eriksen, một cầu thủ có thể đá ở mọi vị trí.', 'n7_1574420490.jpg', 5, 0, 6, '2019-11-22 04:01:30', '2019-11-22 04:01:30'),
(11, 'Những bộ óc thông minh trong thế giới bóng đá', 'Nhung bo oc thong minh trong the gioi bong da', 'Nhiều cầu thủ sở hữu trình độ học vấn đáng nể trong thế giới bóng đá.', 'Không chỉ hiền lành, tốt bụng và chăm chỉ làm từ thiện, tiền vệ Juan Mata của MU còn rất thông minh. Hồi còn ở Tây Ban Nha chơi bóng cho CLB Valencia, Mata đã lấy được bằng báo chí tại Đại học Universidad Politecnica e Madrid. Sang Manchester, Mata tiếp tục cắp sách đi học, lấy thêm bằng về khoa hoạc và tài chính thể thao. Không có nhiều cầu thủ trong thế giới bóng đá hiện tại sở hữu 2 tấm bằng đại học chính quy như Mata.\r\n\r\nAndrey Arshavin\r\n\r\nKết thúc sự nghiệp chơi bóng, Arshavin chẳng phải quá lo lắng cho nguồn thu nhập của mình. Hồi còn thi đấu, cựu tuyển thủ Nga đã tốt nghiệp Đại học Công ngệ và Thiết kế St Petersburg. Nhờ học hành tới nơi tới chốn, Arshavin đã nghiên cứu về công nghệ trong công nghiệp thời trang và ứng dụng bằng việc tung ra thương hiệu của chính mình ở quê nhà Nga.\r\n\r\nSimon Mignolet\r\n\r\nTại quê nhà, thủ môn Mignolet có kinh doanh một quán cà phê để đảm bảo thu nhập sau khi treo găng. Nhưng nếu muốn, Mignolet có thể dựa vào bằng cấp để thay đổi nghề nghiệp. Thủ thành tuyển Bỉ từng tốt nghiệp ngành Luật và khoa học chính trị, một ngành học không dễ với những ai muốn theo đuổi.\r\n\r\nFrank Lampard\r\n\r\nNăm 2009, thời điểm còn thi đấu cho Chelsea, Frank Lampard tham gia bài kiểm tra IQ của bác sĩ và nhận kết quả trên 150. Điều này có nghĩa Lampard nằm trong số 0,5% người thông minh nhất trái đất. Chỉ số thông minh của HLV đương nhiệm của Chelsea gần bằng nhà Vật lý vĩ đại Albert Einstein, người được cho có IQ 160.\r\nNhờ trí thông minh, Lampard luôn dẫn đầu lớp thời còn đi học. Ông có 12 chứng chỉ giáo dục trung học phổ thông (GCSE), trong đó một loại A+ (môn Latin) và 3 loại A. Ngoài khả năng chơi bóng, dẫn dắt đội bóng, Lampard còn viết một số truyện thiếu nhi.\r\nĐừng nghĩ Chiellini chỉ đơn thuần là một trung vệ sắt đá của Juventus. Ít ai biết anh sở hữu một bộ óc rất thông minh. Hồi còn học trung học, Chiellini luôn vượt qua các bài thi của trường một cách dễ dàng. Anh theo học và tốt nghiệp trường Đại học Turin- một trong những trường danh tiếng nhất Italy và có bằng quản trị kinh doanh.\r\n\r\nRomelu Lukaku\r\n\r\nKhông ít người sẽ phải ngạc nhiên khi biết rằng Romelu Lukaku đang sở hữu hai tấm bằng về chuyên ngành du lịch và quan hệ cộng đồng. Không những thế, ngôi sao người Bỉ còn nổi tiếng trong lĩnh vực ngôn ngữ. Lukaku biết tới 7 ngoại ngữ, trong đó thành thạo 5 thứ tiếng của các quốc gia như Anh, Tây Ban Nha, Hà Lan, Pháp và Bồ Đào Nha (nghe và hiểu được tiếng Đức và và tiếng Swahili).\r\n\r\nGerard Pique\r\n\r\nSở hữu chỉ số thông minh (IQ) với hơn 140 điểm, Pique thuộc top những người thông minh nhất thế giới. Pique đã theo học chuyên ngành kinh doanh giải trí, truyền thông và thể thao tại Harvard- Trường đại học danh tiếng nhất thế giới. Pique hiện là ông chủ của một loạt công ty kinh doanh từ thực phẩm tới lĩnh vực công nghệ. Anh cũng là chủ nhân của ý tưởng cải tổ giải quần vợt Davis Cup.', 'n8_1574420683.jpg', 5, 0, 6, '2019-11-22 04:04:43', '2019-11-22 04:04:43'),
(12, 'Thắng Myanmar đội tuyển Futsal Việt Nam dành vé tham dự vòng chung kết Châu Á', 'Thang Myanmar doi tuyen Futsal Viet Nam danh ve tham du vong chung ket Chau A', 'Chiều nay (27/10/2019), tại nhà thi đấu Phú Thọ, số 219 Lý Thường Kiệt, quận 11, thành phố Hồ Chí Minh đã diễn ra trận tranh hạnh 3 giữa đội tuyển chủ nhà futsal Việt Nam và đội tuyển futsal Myanmar.', 'Trong 40 phút thi đấu 2 đội đã cống hiến cho khán giả một trận đấu mãn nhãn thể hiện trong đó sự quyết tâm cao độ và tinh thời chơi bóng flay của toàn đội cũng như kỹ chiến thuật phối hợp của từng cá nhân.\r\n\r\nTuy nhiên, có phần may mắn hơn đội bạn tuyển futsal Việt Nam với sự cổ vũ nồng nhiệt của các cổ động viên nhà đã dành chiến thắng chung cuộc với tỷ số 7 - 3 trước đội tuyển futsal Myanmar qua đó dành được vị trí thứ 3 huy chương đồng của giải futsal vô địch Đông Nam Á và có trong tay tấm vé cuối tham dự vòng chung kết giải futsal Châu Á năm 2020 và trước đó là tấm vé của Thái Lan và Indonesia. Chia sẽ cảm xúc của mình sau trận đấu cầu thủ Trần Văn Vũ đội trưởng đội tuyển futsal Việt Nam xúc động nói:\r\n“Hiện thời tôi rất vui khi đã hoàn thành được mục tiêu của đội đặt ra là dành một vé tham dự vòng chung kết Châu Á vào năm sau. Tôi cũng xin gửi lời cảm ơn đến người hâm mộ đã luôn dõi theo và ủng hộ đội trong suốt giải đấu. Và tiếp theo thì vòng loại Wordcup toàn đội sẽ cố gắng dành một trong 5 vé để tham dự vòng chung kết Wordcup vào năm 2010”.\r\n\r\nCũng trong chiều nay vào lúc 17h nhà đương kim vô địch Thái Lần sẽ chạm trán đội tuyển Indonesia. Liêu tuyển futsal Indonesia có thể soán ngôi của futsal Thái Lan sau 14 lần đăng quang hay Thái Lan lại thêm lần nữa nâng cao cúp vô địch thứ 15 của mình. Quý thính giả quan tâm trận đấu này và sau đó là lễ bế mạc giải futsal vô địch Đông Nam Á năm 2019 có thể đến với nhà thi đấu Phú Thọ vé được phát miễn phí hoặc theo dõi qua các kênh sóng VTC8, Vietnam Journey của Đài tiếng nói Việt Nam hay các kênh sóng bóng đá trong và ngoài nước.', 'n9_1574420807.jfif', 5, 0, 6, '2019-11-22 04:06:47', '2019-11-22 04:06:47'),
(13, 'Cần dừng ngay hành động đi giày cao gót khi lái xe', 'Can dung ngay hanh dong di giay cao got khi lai xe', 'Việc đi giày cao gót khi lái ôtô tiềm ẩn nhiều nguy hiểm và người lái rất khó xử lý cũng như dễ bị nhầm chân ga, chân phanh khi gặp tình huống khẩn cấp. Đây là thói quen xấu, là nguyên nhân chính gây nên nhiều vụ tai nạn đáng tiếc.', 'Liên quan đến vụ tai nạn giao thông liên hoàn sáng ngày 20/11 giữa xe Mercedes GLC và 1 xe đạp cùng 3 xe máy khác vào gầm ô tô rồi bốc cháy dữ dội. Mà nguyên nhân chính là do nữ tài xế Mercedes đi giày cao gót, đạp nhầm chân ga khiến chiếc xế hộp của mình đâm hàng loạt xe máy, xe đạp làm 1 người chết. \r\n\r\nMặc dù trên thế giới chưa có luật pháp cụ thể nào về việc cấm đi giày cao gót khi lái xe, song phần lớn phụ nữ đều không nhận thức được sự nguy hiểm của việc đi giày cao gót, gót chân sẽ cản trở việc lái xe đúng cách, cũng có thể dẫn đến những tai nạn không đáng có đặc biệt là khi đạp nhầm ga thay vì phanh.\r\n\r\nTheo ANTĐ, phân tích về vấn đề này, Thạc sỹ Vũ Xuân Đạt – Trường ĐH Giao thông Vận tải cho rằng, một số chị em khi lái xe ô tô đã đi giày cao gót. Điều này sẽ khiến họ gặp khó khăn khi điều khiển chân ga, chân phanh, thậm chí luống cuống đạp nhầm từ chân phanh sang chân ga, đặc biệt là trong những tình huống cấp bách nguy hiểm, khi di chuyển trên các tuyến đường có mật độ người và phương tiện tham gia giao thông đông đúc.\r\n\r\nBên cạnh đó, nhiều chị em khi lái xe mặc trang phục bó sát, rườm rà, không chỉ khiến họ không thoải mái khi ngồi lái xe mà còn có thể điều khiển chân phanh, chân ga thiếu linh hoạt. Không những vậy, khi lái xe, không ít chị em còn bị mất tập trung, thường tranh thủ trang điểm, ăn uống, soi gương trên xe, thậm chí sử dụng điện thoại nhắn tin, lên mạng xã hội…Đây là thói quen xấu, là nguyên nhân chính gây nên nhiều vụ tai nạn đáng tiếc.\r\n\r\nLỡ bàn đạp hoặc đạp nhầm/ cản trở khi sử dụng bàn đạp \r\n\r\nGiày cao gót thường không có độ bám/độ trụ tốt cho chân, rất dễ khiến lái xe không có tư thế thoải mái nhất khi lái xe. Việc đi giày cao gót, còn tạo một khoảng trống giữa bàn chân với bàn đạp – khoảng trống này sẽ khiến lái xe nhấn trượt phanh hoặc vô ý đạp nhầm vào bàn đạp ga.\r\n\r\nHay thậm chí, một số đôi giày cao gót có thể khiến lái xe bị mắc kẹt vào thảm trải sàn, mắc kẹt giữa bàn đạp, khiến người lái giảm khả năng phản ứng của chân trong tình huống khẩn cấp.\r\nMất cảm giác lực tác động vào bàn đạp\r\n\r\nTại các trung tâm huấn luyện lái xe, các thầy dạy lái luôn yêu cầu học viên phải mang giày bệt hoặc giày thể thao khi dạy thực hành. Bởi lẽ, kết cấu của giày cao gót giúp nâng cao chân hơn bình thường, nên làm người lái khó khăn trong việc cảm nhận lực tác động lên bàn đạp phanh/ga. \r\n\r\nNói không với giày cao gót\r\n\r\nDẫu biết phụ nữ đam mê thời trang thường diện những bộ đồ điệu đà cùng chiếc giày cao gót để tôn vóc dáng của mình. Nhưng việc đi giày cao gót để lái ô tô lại là một thảm họa vì có nguy cơ gây tai nạn giao thông. Mặt tiếp xúc nhỏ, hẹp khiến chân dễ trượt khỏi bàn đạp. Hậu quả sẽ thật khó lường nếu đó là một tình huống phanh khẩn cấp.\r\n\r\nDo vậy, hãy tập thói quen không nên sử dụng giày cao gót khi lái xe. Nếu phải đi giày cao gót, hãy mang một đôi giày đế mỏng bằng phẳng để trong xe. Khi lái xe, hãy mang đôi giày đế mỏng, phẳng và chuyển sang giày cao gót khi đã đi đến nơi.\r\n\r\nNgoài ra, khi lái xe các chị em nên đi chậm, bình tĩnh để làm quen và cảm nhận chân côn/ga/phanh. Không thốc ga khi cầm lái vì có thể không làm chủ được sức mạnh của xe khi tăng tốc gây ra việc mất kiểm soát. \r\n\r\nĐể đảm bảo an toàn cho bản thân và những người tham gia giao thông khác, chị em cần tập trung vào việc quan sát tình hình giao thông trước mắt và hai bên hông xe. Nếu cần làm việc riêng thì nên dừng xe sát lề đường, về số và kéo phanh tay.', 'n10_1574420964.jpg', 5, 0, 4, '2019-11-22 04:09:24', '2019-11-22 04:09:24'),
(14, 'Các lỗi thường gặp trên ô tô đời mới nên biết', 'Cac loi thuong gap tren o to doi moi nen biet', 'Hầu hết các dòng ô tô đời mới đều được lắp đặt những hệ thống điều khiển cực kỳ thông minh và hiện đại, song hiện đại đến mấy cũng đều gặp lỗi trong quá trình sử dụng.', 'Việc sửa chữa hay bắt đúng bệnh của các dòng ô tô đời mới bây giờ không đơn thuần chỉ dựa vào kinh nghiệm. Có rất nhiều lỗi mà người dùng rất khó để tìm ra nguyên nhân, mà nếu có thì cũng phải tốn kha khá thời gian để tìm hiểu.\r\n\r\nHay kể cả khi có bắt đúng bệnh của xe cũng không tránh được những tổn thất ngoài dự kiến cho xe và chủ xe do tự mày mò sửa chữa, sửa chữa không có phương pháp gây ra.\r\n\r\nVề cơ bản, đa số ô tô đời mới hiện nay đều gặp phải 3 lỗi hư hỏng chính gồm lỗi trên hệ thống phun xăng điện tử, lỗi trên hệ thống động cơ và lỗi trên hệ thống điều hòa. \r\n\r\nLỗi hệ thống phun nhiên liệu\r\n\r\nTheo VietQ, sau khoảng 2 năm sử dụng, các xe đời mới thường gặp phải lỗi này khi hệ thống phun nhiên liệu gặp vấn đề tiêu hao nhiên liệu bất thường, máy giật nhẹ hoặc nặng hơn có thể bị chết máy đột ngột hoặc không khởi động được.\r\n\r\nNguyên nhân chủ yếu là do lọc nhiên liệu không lọc được hết các tạp chất có trong xăng và trong hệ thống phun nhiên liệu hoạt động thải ra, dẫn đến tình trạng tắc nghẽn kim phun ảnh hưởng đến quá trình cháy không đều.\r\n\r\nLưu ý, trên hệ thống EFI khi bị lỗi có thể không hiện đèn báo lỗi động cơ, nếu cảm thấy ống dẫn nhiên liệu bị rò rỉ cần phải kiểm tra và hàn lại ngay. \r\nLỗi hệ thống động cơ xe\r\n\r\nTrong quá trình vận hành xe, nếu thấy động cơ ô tô quá nóng hay nóng một cách bất thường, rất có thể là do dầu nhớt mà xe bạn đang sử dụng đã hết niên hạn hoặc sử dụng loại chất lượng kém, hoặc cũng có thể do hệ thống làm mát động cơ bị tắc nghẽn bởi tắc két nước, hỏng quạt gió, bơm nước, thiếu nước làm mát hoặc van hằng nhiệt của hệ thống làm mát bị hỏng.\r\n\r\nNgoài ra, cũng còn một số nguyên nhân dẫn đến hư hỏng động cơ như: hở gioăng quy lát làm lọt khí, máy nóng, dầu nhớt bị lọt vào trong hệ thống dẫn đến đại tu động cơ.\r\n\r\nLưu ý, động cơ quá nóng sẽ làm động cơ bị rung mạnh và dễ làm cho động cơ hư hỏng nặng. Còn đồng hồ báo nhiệt động cơ sẽ chuyển sang vạch đỏ nếu đường ống nước làm mát bị tắc hoặc quạt gió hỏng.\r\nLỗi hệ thống điều hòa ô tô\r\n\r\nTheo Vietnamnet, tại Việt Nam, hệ thống điều hòa ô tô có khả năng hư hỏng cao hơn so với các nước khác do điều kiện khí hậu và cơ sở hạ tầng. Máy lạnh ô tô bị hư hỏng sẽ có hiện tượng sau, điều hòa 1 bên nóng – 1 bên lạnh, lúc lạnh lúc không, chỉ có gió mà không lạnh, giảm sâu nhiệt độ mà không lạnh…\r\n\r\nNgoài ra, cũng có một số lỗi khác liên quan đến phần mềm trong hộp điều khiển ECU hoặc là những hỏng hóc của các cảm biến được lắp đặt trên xe. Điều này gây ra không ít phiền toái cho người sử dụng vì các bộ phận trong hệ thống điều khiển trên xe luôn làm việc sai tiêu chuẩn về thông số kỹ thuật từ các cảm biến báo về ECU. Lỗi này có thể gây ra những triệu chứng như tốn hao tốn nhiên liệu, hệ thống làm mát lỗi khiến động cơ bị nóng bất thường…\r\n\r\nĐấy là những lỗi hư hỏng chính trên các dòng xe đời mới ngày nay hay gặp phải, người dùng cần lưu ý để có biện pháp phòng tránh và chủ động thường xuyên bảo dưỡng, sửa chữa ô tô tại các gara sửa chữa uy tín, chuyên nghiệp để tránh gặp phải những lỗi không đáng có hay tránh bị mất một khoản phí đáng kể.', 'n11_1574421103.jpg', 5, 0, 4, '2019-11-22 04:11:43', '2019-11-22 04:11:43');
INSERT INTO `tintuc` (`id`, `TieuDe`, `TieuDeKhongDau`, `TomTat`, `NoiDung`, `Hinh`, `NoiBat`, `SoLuotXem`, `idLoaiTin`, `created_at`, `updated_at`) VALUES
(15, 'Honda Việt Nam giới thiệu phiên bản mới SH 125i/150i', 'Honda Viet Nam gioi thieu phien ban moi SH 125i/150i', 'Sáng 5/1/2019, Công ty Honda Việt Nam (HVN) giới thiệu phiên bản hoàn toàn mới SH 125i/150i.', 'SH được ra đời lần đầu tiên vào năm 1984 với tên gọi SH50, đem lại cho những người trẻ tuổi ở khu vực đô thị lúc bấy giờ một phương tiện di chuyển thân thiện và đáng tin cậy. Sau 35 năm hình thành và phát triển với nhiều phiên bản cải tiến, SH đã tiến được những bước đi dài trong việc chinh phục trái tim của khách hàng trên toàn thế giới.\r\n\r\nTại Việt Nam, mẫu xe đã có lịch sử 10 năm phát triển với gần 730 nghìn xe được bán ra, được coi là bước chuyển mình mạnh mẽ không chỉ cho thương hiệu Honda mà còn cho lịch sử phân khúc xe tay ga cao cấp tại Việt Nam. \r\n\r\nSau phiên bản hoàn toàn mới với công nghệ đột phá Honda SMART Key – lần đầu tiên được trang bị trên xe máy sản xuất tại Việt Nam vào năm 2015, HVN tiếp tục giới thiệu tới khách hàng phiên bản mới vớinhững thay đổi mang tính “cách mạng”, định lại chuẩn mực mới cho thương hiệu SH tại Việt Nam. \r\n\r\nPhiên bản SH mới được hình thành dựa trên định hướng phát triển phong cách xuyên suốt “Giao thoa giữa tính truyền thống và công nghệ hiện đại trên bề mặt tổng thể được trau chuốt mượt mà”. \r\n\r\nHệ thống đèn chiếu sáng: trang bị đồng bộ công nghệ LED hiện đại và cao cấp. Cụm đèn trước được chia thành năm phần, trong đó bao gồm cả đèn chiếu xa và đèn chiếu gần, giúp tăng cường khả năng chiếu sáng. Cụm đèn LED hiện đại kết hợp hài hòa cùng thiết kế phần đầu xe cân đối là sự kết hợp những nét nguyên bản hoà trộn tính độc đáo riêng biệt, cho ra đời kiểu dáng phía trước đặc trưng dễ nhận diện của dòng xe SH.\r\n\r\nHệ thống đèn chiếu sáng phía trước trên SH mới có tính năng tự động bật sáng, giúp nâng cao tính an toàn và khả năng hiện diện của xe khi lưu thông trên đường phố, cả ban ngày và ban đêm mà không làm ảnh hưởng đến tuổi thọ của bóng đèn và ắc quy. Cụm đèn hậu được thiết kế độc đáo, tích hợp công nghệ mới và hệ thống LED đăc trưng, nổi bật diện mạo phía sau riêng biệt cho dòng xe SH và đảm bảo an toàn khi di chuyển vào ban đêm. \r\n\r\nMặt đồng hồ: được thiết kế mới với phần đo vận tốc lớn được di chuyển vào vị trí giữa màn hình, giúp người lái dễ dàng quan sát các thông số tức thì. Đồng hồ tốc độ được thiết kế tách biệt với màn hình hiển thị thông số, đem đến nét độc đáo, hiện đại cho tổng thể cụm đồng hồ trung tâm. \r\n\r\nMặt ốp trong phía dưới: sở hữu những đường nét dạng gấp nếp lượn sóng 3D độc đáo, tôn vinh sự mạnh mẽ và nét phá cách của mẫu xe. Dưới mọi góc nhìn, phiên bản SH mới luôn tỏa ra sắc thái ấn tượng đặc biệt, tràn đầy năng lượng. Đây là chi tiết thiết kế dành riêng cho thị trường Việt Nam, được kỳ vọng đem lại sự tự hào và tăng thêm niềm vui sở hữu cho người sử dụng. \r\n\r\nBình xăng được di chuyển từ cuối yên xe xuống sàn xe, thay đổi hoàn toàn bố cục của khung xe, giúp tăng trọng lượng phần trước và hạ được trọng tâm xe. Những thay đổi này góp phần giúp các pha xử lý tốc độ cao được thực hiện một cách nhanh chóng và an toàn hơn. Hơn thế nữa, việc chuyển vị trí bình xăng giúp tăng dung tích hộc chứa đồ từ 18L lên 28L, tối ưu sự tiện dụng hàng ngày cho người lái. \r\n\r\nHệ thống ống xả: với thiết kế mới, đoạn ống nối giữa các buồng cách âm trong ống xả được làm thẳng để giảm độ cản trở dòng khí xả và tối ưu vị trí của bộ chuyển đổi xúc tác nhằm nâng cao hiệu quả lọc khí thải. Những thay đổi này đem lại cho phiên bản mới SH khả năng vận hành mạnh mẽ và thân thiện hơn với môi trường.  \r\n\r\nTư thế lái: khoảng cách trục bánh xe được tăng lên tới 1.353mm, dài hơn 13mm so với phiên bản cũ. Góc lái tăng lên tới 46 độ, thêm 1 độ so với các đời trước, giúp khả năng di chuyển trong thành phố trở nên dễ dàng và linh hoạt hơn. \r\nSH không chỉ là mẫu xe sở hữu khả năng vận hành ấn tượng xuyên suốt các phiên bản mà còn là một trong những mẫu xe tiên phong trong việc áp dụng các công nghệ hiện đại, thân thiện với môi trường. \r\n\r\nPhiên bản SH mới sở hữu khối động cơ hoàn toàn mới – eSP+, được thiết kế nhằm đạt được khả năng vận hành vượt trội nhưng với mức tiêu hao nhiên liệu thấp hơn (khoảng 3% so với phiên bản trước). Động cơ này lần đầu tiên được áp dụng trên mẫu xe tay ga của HVN với sự tinh chỉnh từ phiên bản tiền nhiệm, giúp độ ma sát thấp hơn đáng kể bằng việc áp dụng bộ tăng cam thủy lực.\r\n\r\nBên cạnh đó, dây truyền động hai mặt với cấu trúc mới nhằm tăng khả năng chịu áp lực; thiết kế hệ thống nạp mới với đường dẫn rộng hơn nhằm cải thiện hiệu quả nạp cho xe cùng hệ thống ống xả mới cũng là những yếu tố quan trọng giúp mẫu xe đạt được độ ma sát hoàn hảo. Nhờ đó, hiệu quả nhiên liệu được cải thiện, công suất động cơ vượt trội và thân thiện hơn với môi trường, đưa người dùng đến với những trải nghiệm lái đẳng cấp hơn.\r\n\r\nMức công suất phiên bản mới SH sở hữu vượt trội hơn hẳn so với những phiên bản tiền nhiệm nhờ 3 yếu tố chính: áp dụng động cơ 4 van thế hệ mới với diện tích bề mặt van được mở rộng, cải thiện hiệu suất khí nạp và khí xả; kết hợp với đó là sự gia tăng về hệ số đường kính x hành trình piston cùng thiết kế trục khuyủ mới, cải thiện độ cứng và ngăn chặn sự lệch do lực quán tính và năng lượng đốt cháy được tạo ra ở vòng tua, dẫn đến giảm tiếng ồn và độ rung nhằm mang lại công suất cao cho cỗ máy. \r\n\r\nBên cạnh sự “lột xác” trong khối động cơ, phiên bản SH mới còn được cải tiến mạnh mẽ về công nghệ. Lần đầu tiên, HVN phát triển chức năng kết nối bluetooth trên một mẫu xe máy, cụ thể là SH 150i đi kèm với ứng dụng My Honda+ trên điện thoại thông minh (thiết bị Apple iOS và Google Android) để thông báo cuộc gọi, tin nhắn SMS/SNS trên màn hình đồng hồ xe, đồng thời khách hàng có thể đọc toàn bộ các thông tin xe như tình trạng vận hành, thông tin sửa chữa, bảo dưỡng, bảo hành, thông tin các sản phẩm mới hoặc sự kiện của HVN... cũng như đưa ra các lời khuyên hoặc gợi ý hữu ích cho người sử dụng xe qua ứng dụng My Honda+ trên điện thoại thông minh.\r\n\r\nBước tiến này nhằm khẳng định đẳng cấp và vị thế của thương hiệu SH trong phân khúc xe ga cao cấp, đồng thời đáp ứng nhu cầu của khách hàng, mang lại trải nghiệm đẳng cấp như với một chiếc xe hơi.\r\n\r\nHVN luôn đặt yếu tố an toàn lên hàng đầu khi cho ra đời từng mẫu xe. Có được cảm giác yên tâm cùng sự tận hưởng niềm vui trong từng khoảnh khắc cầm lái của khách hàng được coi là thước đo thành công của từng mẫu xe tại HVN. Với phiên bản phanh ABS của SH mới, HVN đã có được một bước đi dài về công nghệ khi trang bị hệ thống kiểm soát lực xoắn (HSTC), công nghệ vốn thường chỉ áp dụng trên những mẫu xe phân khối lớn hay xe tay ga phân khối lớn như SH300.\r\n\r\nHệ thống HSTC giúp phát hiện ra bất kỳ sự sai khác nào về tốc độ giữa bánh trước và bánh sau khi xe di chuyển trong điều kiện đường trơn trượt, từ đó tính toán được tỉ lệ trượt, kiểm soát được mô-men xoắn của động cơ thông qua hệ thống phun xăng và lấy lại độ bám đường cho bánh sau. SH mới được trang bị hệ thống phanh đĩa trên cả bánh trước và bánh sau.\r\n\r\nHệ thống chống bó cứng phanh ABS hai kênh hoạt động ở cả bánh trước và bánh sau, giúp người lái an tâm hơn khi phanh gấp trong cả những trường hợp đường trơn trượt hay dưới điều kiện trời mưa.\r\n\r\nKhông chỉ dừng lại ở việc đem đến một diện mạo mới với cỗ máy vận hành ấn tượng cho mẫu xe, HVN còn nỗ lực trang bị hàng loạt tiện ích như lời khẳng định mạnh mẽ về đẳng cấp dẫn đầu của SH trong phân khúc của mình. \r\n\r\nVới những thay đổi trong cấu trúc xe, nắp bình xăng được di chuyển vào mặt ốp trong của xe giúp tăng sự thuận tiện cho chủ sở hữu mỗi lần đổ xăng mà không cần phải mở yên xe.    \r\n\r\nHộc đựng đồ đa năng hơn khi được tích hợp thêm ổ cắm USB tiện dụng, cho phép khách hàng sạc pin cho thiết bị di động vào mọi lúc, mọi nơi. \r\n\r\nTiếp tục trang bị hệ thống khoá thông minh Honda SMART Key, mang nhiều ưu điểm so với hệ thống khoá truyền thống. \r\n\r\nTay lái bên trái có thêm công tắc đa dụng để dễ dàng chuyển đổi qua lại giữa các màn hình và chế độ khác nhau.\r\n\r\nPhiên bản mới SH 125i/150i sẽ được chính thức bán ra thị trường vào ngày 24 tháng 11 năm 2019 thông qua các cửa hàng Bán xe và Dịch vụ do Honda Ủy nhiệm (HEAD) trên toàn quốc với thời gian bảo hành 3 năm hoặc 30.000 km (tùy theo điều kiện nào đến trước).', 'n12_1574421239.jfif', 5, 0, 5, '2019-11-22 04:13:59', '2019-11-22 04:13:59'),
(16, 'Một năm thu phí sử dụng tạm thời lòng đường (Bài cuối): Tìm giải pháp hiệu quả', 'Mot nam thu phi su dung tam thoi long duong (Bai cuoi): Tim giai phap hieu qua', 'Trước những vướng mắc, bất cập trong quá trình triển khai Đề án thu phí sử dụng tạm thời lòng đường, vỉa hè, hiện Sở Giao thông Vận tải Tp. Hồ Chí Minh cùng các đơn vị, địa phương đã đề xuất nhiều phương án để khắc phục.', 'Theo đánh giá của Sở Giao thông Vận tải Tp. Hồ Chí Minh, sau gần 1 năm thực hiện vẫn tồn tại một số bất cập, chưa đạt được số thu như đề án ban đầu kỳ vọng. Theo số liệu thống kê số thu thực tế thời gian qua ngày càng giảm, nhất là đối với giai đoạn từ tháng 1-4/2019 khi hỗ trợ thu phí là lực lượng tại các quận huyện và tăng chậm trở lại khi lực lượng thanh niên xung phong tham gia hướng dẫn, giám sát thực hiện đỗ xe và thu phí từ tháng 5/2019.\r\n\r\nTháng 8/2018 (bắt đầu triển khai thực hiện đề án), số thu đạt được hơn 316 triệu đồng. Số thu này ngày càng giảm sút, từ 122 triệu đồng (tháng 9/2018) giảm còn 70 triệu đồng (tháng 12/2018) và xuống 4 triệu đồng (tháng 4/2019). Chỉ từ tháng 5/2019, số thu mới tăng trở lại nhưng chưa đáng kể như 128 triệu đồng (tháng 5/2019), 170 triệu đồng và 173 triệu đồng (tháng 6 – 7/2019).\r\nNghị quyết số 33/NQ-HĐND ngày 13/7/2019 về chất vấn và trả lời chất vấn tại kỳ họp thứ 15 HĐND thành phố khóa IX nhấn mạnh: “Việc tổ chức thu phí sử dụng tạm thời lòng đường để đỗ xe ô tô triển khai chậm, lực lượng thu phí chưa chuyên nghiệp, chưa nhiệt tình, số thu phí thu được không đủ chi cho lực lượng tại hiện trường và chi phí đầu tư trang thiết bị.\r\n\r\nDo đó, Sở Giao thông Vận tải cần đẩy nhanh tiến độ hoàn chỉnh các giải pháp về công nghệ, chương trình ứng dụng thuận tiện để người dân sử dụng và phục vụ thanh toán điện tử nhằm tiết kiệm chi phí về nhân lực, công khai minh bạch về tài chính, đảm bảo an toàn trật tự”.   \r\n\r\nCuối tháng 7 vừa qua, Sở Giao thông Vận tải đã tổ chức cuộc họp với các cơ quan, đơn vị để thống nhất một số giải pháp triển khai trong thời gian tới. Các đơn vị thống nhất xây dựng quy trình xử lý vi phạm hành chính (dừng xe, đỗ xe sai quy định và đỗ vào ô nhưng không đóng phí hoặc đóng không đủ phí) giữa các đơn vị liên quan để đảm bảo hiệu quả thu phí.\r\n\r\nTheo đó, quy trình đề cập cụ thể trách nhiệm của lực lượng tại hiện trường, vai trò của UBND, công an phường, quận (các cá nhân có thẩm quyền) có liên quan trong phối hợp xử lý vi phạm hành chính về phí; thông tin về phương tiện vi phạm mà người điều khiển không chấp hành quyết định xử lý vi phạm hành chính sẽ được tổng hợp, công bố rộng rãi trên website của Sở Giao thông Vận tải, chuyển cho các cơ quan, đơn vị đăng kiểm phương tiện cơ giới để phối hợp xử lý.\r\n\r\nSở Giao thông Vận tải chủ trì phối hợp Vietel -Chi nhánh Tp. Hồ Chí Minh và Công ty TNHH Một thành viên Dịch vụ công ích Thành niên xung phong thành phố điều chỉnh quy trình, ứng dụng, giải pháp công nghệ quản lý đỗ xe và thu phí nhằm đảm bảo mục đích về an ninh, trật tự, an toàn giao thông; thời gian thu phí, thu đúng, thu đủ.\r\n\r\nTừ 1/5/2019, Công ty TNHH một thành viên Dịch vụ công ích Thanh niên xung phong cũng đã triển khai thực hiện ứng dụng, giải pháp công nghệ quản lý đỗ xe và thu phí sử dụng lòng đường để đỗ ô tô tại 23 tuyến đường với nhân lực triển khai 97 người (41 người/ca).\r\n\r\nHiện nay, các quy định về xử phạt vi phạm hành chính trong lĩnh vực thu phí khó triển khai trên thực tế do chưa bám sát ứng dụng công nghệ thu phí. Cụ thể, lực lượng thực hiện chức năng hướng dẫn, giám sát thu phí không có thẩm quyền xử phạt vi phạm hành chính đối với hành vi không nộp phí. Thẩm quyền xử phạt thuộc Chủ tịch UBND cấp xã, phường; công chức Cục thuế; Chánh thanh tra chuyên ngành tài chính.\r\n\r\nTheo Sở Giao thông Vận tải, những cá nhân có thẩm quyền này không thể có mặt ngay lập tức để thực hiện xử phạt hoặc khi được mời tới hiện trường thì đương sự đã lái xe bỏ đi. Đồng thời, mức thu xử phạt cũng quá thấp, không có tác động lớn đến người vi phạm (mức phạt tiền từ 1 đến 3 lần số tiền phí gian lận hoặc trốn nộp phí).\r\n\r\nCùng với đó, việc thanh toán hiện nay còn đơn điệu, hình thức chưa đa dạng, chủ yếu qua tin nhắn của đầu số 1008 và Viettel Pay, không có hình thức khác cho người dân lựa chọn nếu không sử dụng mạng điện thoại của Viettel. Hay nói cách khác chỉ những người dân sử dụng mạng điện thoại của Viettel mới có thể đỗ xe tạm thời ở những địa điểm đã quy định.\r\n\r\nĐa dạng các loại hình thu phí\r\nTheo Sở Giao thông Vận tải, nhiều người dân chưa có ý thức nộp phí khi đỗ xe tại các tuyến đường có thu phí. Theo số liệu thống kê trên hệ thống, tháng 5/2019 ghi nhận khoảng trên 15.000 trường hợp không đóng phí; trong đó nhiều phương tiện tái diễn thường xuyên và liên tục.\r\n\r\nNgoài ra, một số người dân không hợp tác trong việc đăng ký đặt chỗ bằng phần mềm My Parking do thời gian tải về và cài đặt lâu (khoảng 15-20 phút), ảnh hưởng đến công việc của người dùng. Một số người cho rằng không quen sử dụng công nghệ, không sử dụng điện thoại thông minh… và yêu cầu thu tiền mặt do đã quen với cách thanh toán này và không hợp tác với lực lượng hướng dẫn.\r\n\r\nBà Cao Thị Bích Ngọc, Công ty TNHH Một thành viên Dịch vụ công ích Thanh niên xung phong cho biết, trước đây nhiều chủ xe không có điện thoại thông minh, không cài đặt ứng dụng My Parking, điện thoại không có 3G, 4G… thì rất khó khăn, bởi không thể đăng ký đặt chỗ. Tuy nhiên, với những trường hợp này, các nhân viên sẽ đăng ký giúp qua App (ứng dụng) trên điện thoại của mình. Nếu chủ xe nào cố tình né tránh, không trả tiền thu phí, nhân viên sẽ ghi hình lại vi phạm, đồng thời nhắc nhở.\r\n\r\nHiện nay, việc thanh toán phí được thực hiện qua ứng dụng My Parking (thông qua ví điện tử Viettel Pay để trừ phí trong thẻ thanh toán MasterCard, VISA, JCB) và nhắn tin đến tổng đài 1008 để trừ tiền trong tài khoản (đối với thuê bao dùng mạng Viettel). Để thuận lợi cho người dân, Sở Giao thông Vận tải đã đề nghị Viettel Tp. Hồ Chí Minh và Công ty TNHH Một thành viên Dịch vụ công ích Thanh niên xung phong phối hợp nghiên cứu đa dạng hóa, mở rộng các hình thức thanh toán.\r\n\r\nCụ thể, kết nối và sử dụng các loại ví điện tử có lượt người sử dụng đăng ký cao (MoMo, Vnpay QR, ZaloPay...) vào ứng dụng MyParking; ký kết hợp đồng với các công ty cung cấp dịch vụ viễn thông để các thuê bao khác mạng Viettel có thể thanh toán phí qua đầu số 1008; trang bị cho nhân viên hướng dẫn và giám sát việc thu phí các thiết bị chấp nhận thanh toán di động bằng thẻ ngân hàng.\r\n\r\nÔng Ngô Hải Đường, Trưởng phòng Quản lý khai thác hạ tầng giao thông đường bộ cho biết, sắp tới đơn vị sẽ sử dụng thêm thẻ thanh toán bằng loại thẻ cào giống như đi taxi bên cạnh phần mềm thanh toán My Parking; đồng thời sẽ mở rộng thêm một số tuyến đường có thu phí ô tô dưới lòng đường. Đặc biệt, Sở sẽ hoàn chỉnh quy trình xử phạt, lấy ý kiến các sở ngành sau đó trình UBND Tp. Hồ Chí Minh. Việc hoàn thành quy trình xử phạt nhằm tránh tình trạng thất thoát phí do ô tô đỗ không trả tiền.\r\n\r\nCũng theo Sở Giao thông Vận tải Tp. Hồ Chí Minh, việc sớm nghiên cứu xây dựng và hoàn thiện giải pháp công nghệ sẽ tạo thuận lợi cho người dân tương tác nhanh chóng, thuận tiện trong việc đặt chỗ đỗ xe cũng như trả phí, đồng thời xây dựng chế độ báo cáo - cập nhật công khai, minh bạch về số thu phí trong ứng dụng My Parking; qua đó tạo điều kiện cho người dân cũng như các cơ quan quan lý nhà nước có liên quan theo dõi và giám sát./.', 'n12_1574421413.jpg', 5, 0, 2, '2019-11-22 04:16:53', '2019-11-22 04:16:53'),
(17, 'Một năm thu phí sử dụng tạm thời lòng đường (Bài 2): Thu không đủ bù chi', 'Mot nam thu phi su dung tam thoi long duong (Bai 2): Thu khong du bu chi', 'Mot nam thu phi su dung tam thoi long duong (Bai 2): Thu khong du bu chi', 'Đạt được hiệu quả về mặt tổ chức giao thông, nhưng nguồn thu từ Đề án thu phí sử dụng tạm thời lòng đường để đỗ xe ô tô chỉ đạt được 5% so với mục tiêu đề ra.\r\nChủ trương của Đề án thu phí sử dụng tạm thời lòng đường để đỗ xe ô tô đề ra phù hợp với tình hình thực tế, góp phần giảm ùn tắc giao thông khu vực trung tâm thành phố; đồng thời tạo nguồn thu cho ngân sách để tái đầu tư cho hạ tầng giao thông. Tuy nhiên, quá trình triển khai lại gặp quá nhiều vướng mắc với nhiều nguyên nhân khác nhau.\r\n\r\nTheo Công ty TNHH Một thành viên Dịch vụ công ích Thanh niên xung phong, một số tuyến đường như An Dương Vương, Trần Bình Trọng... tập trung nhiều hộ kinh doanh, doanh nghiệp sửa chữa, trang trí nội thất ô tô (khoảng 70 hộ kinh doanh) chiếm dụng khoảng lòng đường để phục vụ kinh doanh, trực tiếp gây cản trở trật tự giao thông, cũng như nhiệm vụ giám sát thu phí đỗ xe ô tô.\r\n\r\nTrong khi đó, các tuyến đường Tản Đà, Lê Hồng Phong, Trương Định…. tập trung hộ kinh doanh dịch vụ vận tải hành khách cũng chiếm dụng lòng đường để đỗ ô tô khách 50 chỗ do họ quản lý, không chấp hành việc đăng ký đỗ xe theo quy định. Tuyến đường Nguyễn Cư Trinh, Ngô Đức Kế, Thành Thái, Hồ Huấn Nghiệp... tập trung doanh nghiệp vận tải taxi nên xảy ra tình trạng dừng, đỗ xe nhưng không chấp hành việc đăng ký qua hệ thống theo quy định.\r\n\r\nMột trong những khó khăn khác ảnh hưởng đến việc thu phí là ứng dụng đặt chỗ My Parking chưa đa dạng và chưa tạo thuận lợi cho khách gửi xe, nhất là những người không sử dụng thiết bị di động thông minh. Đây cũng là kẽ hở để nhiều chủ xe lấy lý do không hợp tác với nhân viên hỗ trợ, hướng dẫn trong việc thu phí.\r\n\r\nTheo ông Lê Thành Khoa, Giám đốc Công ty TNHH Một thành viên Dịch vụ công ích Thành niên xung phong thành phố, người sử dụng ứng dụng đặt chỗ My Parking gặp khó khăn trong cài đặt, đăng ký sử dụng ứng dụng đặt chỗ, hoặc không sử dụng dịch vụ 3G, 4G; phần mềm này cũng chưa liên kết với các nhà mạng khác như Vinaphone, Mobifone… Dịch vụ Viettel Pay còn hạn chế, chưa liên kết được những ngân hàng phổ biến; người dùng phải nạp tiền từ các cửa hàng Viettel hoặc các ngân hàng liên kết mới thực hiện được giao dịch.\r\n\r\nĐối với khó khăn tại hiện trường, theo đánh giá của Sở Giao thông Vận tải Tp. Hồ Chí Minh, do chưa sắp xếp lại việc đỗ xe trên lòng đường, cụ thể trên địa bàn thành phố tồn tại song song những tuyến đường đỗ xe có thu phí và những tuyến đường cho đỗ xe nhưng không thu phí. Những tuyến đỗ xe không thu phí được bố trí gần ngay những tuyến đường đỗ xe có thu phí, nên người dân có khuynh hướng tập trung đỗ xe ở các tuyến đường không thu phí với mật độ dày hơn so với trước khi triển khai thu phí.\r\n\r\nThực tế này diễn ra tại nhiều tuyến đường khu vực trung tâm quận 1. Theo ghi nhận, dù các tuyến Thủ Khoa Huân, Phan Chu Trinh, Trương Định, Nguyễn Du, Lê Lai... có chỗ đỗ xe thu phí và còn khá nhiều chỗ trống, tuy nhiên, tuyến đường Lê Anh Xuân (giữa khu vực các tuyến đường trên, không nằm trong danh sách tuyến đường có thu phí) lại có khá nhiều xe ô tô dừng, đỗ dưới lòng đường.\r\n\r\n>>> Vì sao TP.HCM thu phí đỗ xe lòng đường, vỉa hè thiếu hiệu quả? \r\n\r\nThu không đủ chi\r\n\r\nTừ 1/5/2019, Công ty TNHH Một thành viên Dịch vụ công ích Thanh niên xung phong được lập kế hoạch và triển khai thực hiện ứng dụng, giải pháp công nghệ quản lý đỗ xe và thu phí. Công ty đã thực hiện ở 23 tuyến đường với tổng số nhân sự 97 người, được chia thành các ca trực.\r\nVới lực lượng trên, mỗi tháng chi phí nhân công tương ứng của công ty là trên 840 triệu đồng. Tuy nhiên, theo số liệu thống kê của công ty, từ ngày 1/5 – 11/6/2019 (hơn một tháng), doanh thu chỉ đạt được hơn 184 triệu đồng. Như vậy, nguồn phí thu rất ít so với số chi cho nhân công. Công ty đã có văn bản đề nghị Sở Giao thông Vận tải, Công ty Viettel – Chi nhánh Tp. Hồ Chí Minh xem xét đưa ra những giải pháp nhằm giải quyết các chế độ, chính sách cho người lao động thực hiện nhiệm vụ thu phí.\r\n\r\nThực tế, con số thu này cũng khá thấp so với thời điểm chưa điều chỉnh mức giá thu phí mới (phí tạm dừng đỗ xe ô tô với mức thu 5.000 đồng/xe/lượt, được ban hành năm 2005). Trong Đề án điều chỉnh tăng mức thu phí tạm dừng đỗ xe ô tô trên lòng đường, hè phố được UBND Tp. Hồ Chí Minh xây dựng, thống kê cho thấy, năm 2014, tổng số thu phí trên địa bàn quận 1 trên 14 tuyến đường là 4,9 tỷ đồng; năm 2015 là 3,1 tỷ đồng; năm 2016 là hơn 3,2 tỷ đồng. Trong khi tại quận 5, số thu được trên 8 tuyến năm 2014 là hơn 882 triệu đồng; trên 7 tuyến năm 2015 là 885 triệu đồng và 2016 là 765 triệu đồng.\r\n\r\nSố liệu trên cho thấy, dù mức phí thu khá thấp (chỉ 5.000 đồng/lượt, không lũy tiến theo giờ) nhưng nguồn thu được lại khá cao. Trong khi suốt một năm triển khai theo mức mới (thấp nhất 20.000 đồng/lượt, tính lũy kế theo giờ), tổng số tiền thu được chỉ đạt được khoảng 1,5 tỷ đồng trên 23 tuyến đường, với số nhân công 97 người (từ 1/5/2019).\r\n\r\nTheo Sở Giao thông Vận tải, thời gian qua, nhân sự hướng dẫn và giám sát thu phí tại các điểm đỗ xe thiếu nhiệt tình, chưa giám sát chặt chẽ các trường hợp đỗ xe, đối chiếu thu phí, sử dụng thiết bị đặt chỗ và thanh toán chưa thành thạo, thường xuyên vắng mặt hoặc chỉ làm việc theo giờ hành chính trong khi thời gian đỗ xe từ 6 giờ sáng đến 24 giờ. Đây là nguyên nhân chủ yếu dẫn đến số thu không tương ứng với số lượt đậu xe theo thống kê trong điều kiện ứng dụng công nghệ thu hiện nay.\r\nTại tuyến đường Nguyễn Cư Trinh sáng 11/9, tài xế N.V.T (ngụ quận Gò Vấp) vào đỗ xe nhưng không có nhân viên thu phí tới thu. Tuyến đường này trong diện thu phí có chiều dài gần 600m, với 2 nhân viên thu phí nên có thể không bao quát hết cả tuyến. Đây cũng là thực tế “thất thu” từ những tuyến đường có chiều dài lớn.\r\n\r\nTheo ông Ngô Hải Đường, Trưởng phòng Quản lý khai thác hạ tầng giao thông đường bộ, qua một năm triển khai, tổng số tiền thu được khoảng gần 1,5 tỷ đồng, chỉ đạt được 5% so với kế hoạch đề ra. Đề án cũng xác định rõ mục tiêu quan trọng nhất là vấn đề giao thông, không đặt nặng vào nguồn thu. Tuy nhiên, Sở Giao thông Vận tải đề nghị các quận, huyện và đơn vị liên quan rà soát các tuyến đường cần thiết phải bổ sung việc thu phí sử dụng lòng đường để đỗ xe, hoặc bãi bỏ một số tuyến trong danh mục trước đây./.', 'n14_1574421582.jpg', 5, 0, 2, '2019-11-22 04:19:42', '2019-11-22 04:19:42'),
(18, 'Liên tục bắt gặp người điều khiển xe đạp ở làn dành cho ô tô trên Đại lộ Thăng Long', 'Lien tuc bat gap nguoi dieu khien xe dap o lan danh cho o to tren Dai lo Thang Long', 'Nhiều ngày nay, người tham gia giao thông trên Đại lộ Thăng Long (Hà Nội) liên tục bắt gặp tình trạng người điều khiển xe đạp lưu thông trên làn dành cho ô tô. Điều này tiềm ẩn nguy cơ TNGT rất cao và gây bức xúc cho nhiều tài xế.', 'Như VOVGT đã thông tin, nhiều người tham gia giao thông trên Đại lộ Thăng Long (Hà Nội) liên tục bắt gặp tình trạng người điều khiển xe đạp lưu thông trên làn dành riêng cho ô tô. Hành vi này tiềm ẩn nguy cơ tai nạn và gây bức xúc cho rất nhiều tài xế. \r\nPhản ánh với VOVGT, tài xế Nguyễn Đình Toán, ở Hoài Đức, Hà Nội cho biết, trong tháng 8/2019, ít nhất 2 lần anh bắt gặp một số người điều khiển xe đạp vào làn dành riêng cho ô tô trên Đại lộ Thăng Long từ các điểm giao cắt thuộc địa phận huyện Hoài Đức, Quốc Oai, Chương Mỹ (Hà Nội)… Với tốc độ lưu thông lên đến hàng trăm km/h, bất ngờ gặp phải người điều khiển xe đạp khiến tài xế này rất bất bình:\r\n\"Khi người ta đã đề biển cao tốc dành riêng cho ô tô thì xe máy, xe đạp không được phép vào, mà vào đấy là cái nguy hiểm rất cao vì tốc độ của ô tô khác, tốc độ xe máy khác nên bên giao thông cần có mức xử phạt cao cho người ta sợ\"\r\n\r\nĐại diện lực lượng thanh tra giao thông Hà Nội cho biết, Đại lộ Thăng Long có chiều dài 28km, điểm đầu từ ngã tư Phạm Hùng – Khuất Duy Tiến, điểm cuối tiếp giáp với Quốc lộ 21A cũ (nay là đường Hồ Chí Minh). Dọc tuyến có tới 28 điểm giao cắt với các tuyến giao thông khác nên một số trường hợp phương tiện xe máy, xe đạp cố tình đi vào đường cấm. Dù lực lượng chức năng đã tổ chức cắm biển, hướng dẫn, tuyên truyền đến người dân sinh sống quanh khu vực, nhưng tình trạng vi phạm vẫn xảy ra.\r\n\r\nVề phía lực lượng CSGT, mặc dù chưa chứng kiến và xử lý được trường hợp nào đi xe đạp vào Đại lộ Thăng Long, song thiếu tá Nguyễn Việt Anh, cán bộ Đội CSGT số 6, Phòng CSGT Công an TP. Hà Nội – một trong 2 Đội CSGT quản lý, bảo đảm an toàn giao thông trên Đại lộ Thăng Long cho biết, việc người dân điều khiển xe đạp, xe máy vào làn ô tô trên Đại lộ Thăng Long tiềm ẩn rất nhiều nguy cơ xảy ra TNGT.\r\n\r\nTrong trường hợp xảy ra tai nạn, lỗi phần lớn thuộc về người điều khiển mô tô, xe máy, xe đạp và khách bộ hành. Từ phản ánh của người tham gia giao thông, đơn vị sẽ tăng cường tuần tra, kiểm soát để kịp thời phát hiện, nhắc nhở và xử lý các trường hợp người điều khiển xe đạp cố tình đi vào làn dành riêng cho ô tô trên Đại lộ Thăng Long:\r\n\"Thứ nhất là chúng tôi vẫn thường xuyên tuần tra kiểm soát trên địa bàn Đội CSGT số 6, khi phát hiện ra các trường hợp bộ hành cũng như là người đi xe đạp đi vào làn cao tốc thì chúng tôi sẽ phải tuyên truyền, nhắc nhở và yêu cầu người tham gia giao thông chấm dứt hành vi vi phạm để không gây nguy hiểm cho các phương tiện khác\".\r\n\r\nTrung tá Vũ Văn Hoài, Đội trưởng Đội tuyên truyền, Phòng CSGT, Công an TP. Hà Nội cũng cho biết, lực lượng CSGT đã xử lý nhiều trường hợp vi phạm xe máy đi vào làn dành riêng cho ô tô trên Đại lộ Thăng Long. Cũng đã có nhiều vụ TNGT xảy ra trên con đường này mà một trong những nguyên nhân là do người điều khiển xe máy, xe đạp không chấp hành Luật Giao thông đường bộ, đi vào đường dành cho ô tô. Từ thực tế này, trung tá Vũ Văn Hoài khuyến cáo:\r\n\"Hiện nay chúng ta có đường gom 2 bên thì người tham gia giao thông ta nên đi vào đường gom như vậy, không nên đi Đại lộ chính bởi vì đi Đại lộ chính rất nguy hiểm và mức độ an toàn không có bởi vì các phương tiện lưu thông trên Đại lộ chính đi với tốc độ rất cao mà nếu chúng ta đi mô tô, xe gắn máy, thậm chí xe đạp thì rất dễ xảy ra tai nạn mà khi đã xảy ra tai nạn thì mức độ rất năng nề\".\r\n\r\nTin tức giao thông:\r\n# Vào dịp khai giảng năm học mới 2019-2020, các lực lượng chức năng thành phố Hà Nội sẽ tuần tra, kiểm soát và xử lý nghiêm các vi phạm, hành vi tiềm ẩn nguy cơ cao về tai nạn giao thông trên địa bàn. Đây là một trong những nội dung chỉ đạo, điều hành của UBND thành phố Hà Nội trong tuần từ 12 đến 16/8.\r\n\r\n# Trong tuần qua, trên địa bàn Thành phố Hà Nội đã xảy ra 8 vụ TNGT, làm 9 người chết, bị thương 1 người. Theo Sở GTVT Hà Nội, so sánh với thời gian liền kề, TNGt tăng 3 vụ, tăng 4 người chết, giảm 1 người bị thương.\r\n\r\n# Qua kiểm tra kiểm tra 152 lái xe tại bến xe Mỹ Đình, Giáp Bát, tại Quốc lộ 3 (huyện Đông Anh và tuyến đường gom Đại Lộ Thăng Long), Đoàn kiểm tra của Sở GTVT Hà Nội đã phát hiện 1 trường hợp dương tính với chất ma túy. Lái xe bị bị phát hiện là Nguyễn Văn Huyện thuộc Công ty TNHH DK Logistics.\r\n\r\nNghe toàn bộ chương trình tại đây', 'n15_1574422179.jpg', 5, 0, 2, '2019-11-22 04:29:39', '2019-11-22 04:29:39'),
(19, 'Vụ Mercedes gây tai nạn liên hoàn: Nạn nhân thiệt mạng làm việc ở trường Ngoại thương, du học về', 'Vu Mercedes gay tai nan lien hoan: Nan nhan thiet mang lam viec o truong Ngoai thuong, du hoc ve', 'Lãnh đạo Phòng Tổ chức – Hành chính trường Đại học Ngoại thương cho biết: Cơ quan Cảnh sát điều tra Công an quận Cầu Giấy cũng đã đến và làm việc với nhà trường để lấy thông tin về nạn nhân.', 'Sáng nay (22/11), theo nguồn tin riêng của Kênh VOV Giao thông, nữ nạn nhân Đỗ Thị Mai Quyên (27 tuổi, trú tại TP.Hải Dương, tỉnh Hải Dương) – nạn nhân tử vong trong vụ xe Mercedes mang BKS 30G-007.85 gây tai nạn liên hoàn tại cầu Hòa Mục, gần nút giao Lê Văn Lương – Nguyễn Ngọc Vũ (quận Cầu Giấy, Hà Nội) là Thạc sỹ, đã hoàn tất chương trình du học tại Hà Lan.\r\n\r\nHiện tại, chị Quyên là cộng tác viên của Trung tâm Sáng tạo và ươm tạo thuộc trường Đại học Ngoại thương được 1 năm.\r\n\r\nLãnh đạo Phòng Tổ chức – Hành chính trường Đại học Ngoại thương cho biết: “Trước đây chị Quyên là sinh viên của trường, sau đó đi học Thạc Sỹ ở Hà Lan, học xong Thạc sỹ, chị Quyên về làm cộng tác viên cho trường. Có thể nói chị Quyên là người rất năng lực, tiềm năng và trách nhiệm với công việc. Thạc sỹ Quyên vẫn chưa xây dựng gia đình”\r\n\r\nCơ quan Cảnh sát điều tra Công an quận Cầu Giấy cũng đã đến và làm việc với nhà trường để lấy thông tin về chị Quyên, lãnh đạo Phòng Tổ chức – Hành chính trường Đại học Ngoại thương cho biết thêm.', 'n16_1574422349.jpeg', 5, 0, 1, '2019-11-22 04:32:29', '2019-11-22 04:32:29'),
(20, 'Lãng phí con đường ngàn tỷ (Kỳ 2): Dân không đi, trách nhiệm thuộc về ai', 'Lang phi con duong ngan ty (Ky 2): Dan khong di, trach nhiem thuoc ve ai', 'Trong khi với điều kiện của một tỉnh có hạ tầng kỹ thuật, kinh tế còn khó khăn, tỷ lệ hộ nghèo còn 24,98%; nhiều trường học, trụ sở UBND các xã cần được đầu tư kiên cố hóa đang không có vốn, thì dự án con đường ngàn tỷ Lai Châu được đầu tư gần như bỏ không, lãng phí chồng lãng phí.', 'Theo một chủ doanh nghiệp ở tỉnh Lai Châu cho biết: Đường tỉnh 134 bắt đầu từ Bản Bo xã Mường Giôn - Quỳnh Nhai - Sơn La đến bản Pá Ngừa, xã Tà Mít, huyện Tân Uyên, tỉnh Lai Châu,  vượt qua hồ thuỷ điện Bản Chát bằng phà, sau đó nối với Quốc lộ 32 tại khu vực đèo Khau Riềng, huyện Tân Uyên, tỉnh Lai Châu.\r\n\r\nSong song với tuyến đường này là tỉnh lộ 133, từ xã Thân Thuộc, huyện Tân Uyên đi qua các xã: Thân Thuộc, Nậm Cần, Nậm Sỏ và nối với vùng thấp Sìn Hồ, một nhánh nếu được đầu tư tốt sẽ đi lại thuận tiện sang Quỳnh Nhai, Sơn La. Tuyến 133 này đi qua nhiều vùng đông dân cư, chính vì thế khi đầu tư tuyến 134 mới dẫn đến việc không người qua lại\r\n\"Cái tuyến đường này thì tôi thấy đúng là đầu tư không có hiệu quả thật, đấy là quyết định của cấp trên còn người dân thì vất vả\".\r\nQua tham khảo ý kiến một số cán bộ và những người đi lại, cung cấp hàng hóa, dịch vụ hay đi qua khu vực này, họ đều có nhận định, đánh giá: Với số tiền đầu tư tuyến 134, chỉ cần bỏ ra một phần để nâng cấp tuyến 133 sẽ đạt hiệu quả kinh tế hơn nhiều so với mở mới hoàn toàn tuyến đường 134.  \r\n\r\nAnh Giàng A Lử, dân tộc Mông ở xã Nậm Cần, huyện Tân Uyên cho biết: Nhà nước chỉ cần nâng cấp tuyến đường 133 thì sẽ góp phần đáng kể trong phát triển kinh tế- xã hội ở địa phương và như thế sẽ giảm rất nhiều chi phí so với mở mới hoàn toàn tuyến đường 134\r\n\"Nếu mà nhà nước cố gắng rải nhựa cái đường này từ đây đến Sơn La thì bà con đi tiện hơn, dễ đi hơn\".\r\n\r\nAnh Trương Phi Vũ, lái xe tải, nhà ở thị trấn Tân Uyên thường xuyên chở hàng hóa trên tuyến 133 cho biết: Việc đầu tư tuyến 134 quả là lãng phí, vừa không có người qua lại, xe tải cũng chả dám đi vì quá vắng vẻ, không bán được hàng hóa, đường cua gấp có nguy cơ sạt lở lớn, nếu xe cộ có hỏng hóc cũng đành chịu\r\n\"Đường 133 thì nó rộng hơn, dân cư nhiều hơn, chẳng may hỏng hóc còn có nhà dân, đường 134 ít người đi, đường nó hay sạt lở. Như bọn em đi ô tô toàn đi đường này, tất cả các xe dưới xuôi đi đường này hết. So với đường 133 với 134 thì đường 133 thuận tiện hơn. Sang bên Sơn La thì nó không phải qua cầu qua phà. Nhà nước nên đầu tư đường 133 để thuận lợi phát triển kinh tế các bản\".\r\nLàm việc với Ban Quản lý dự án đầu tư xây dựng các công trình giao thông tỉnh- đơn vị được tỉnh Lai Châu giao nhiệm vụ chủ đầu tư dự án từ Ban quản lý Dự án bồi thường di dân tái định cư tỉnh Lai Châu từ năm 2016 và là chủ đầu tư hạng mục phà Khau Giường để làm rõ thêm về chủ trương đầu tư và đánh giá bước đầu về hiệu quả của dự án đường liên vùng 134, ông Hà Văn Phong, Phó giám đốc từ chối trả lời và cho rằng, Ban chỉ tiếp nhận hồ sơ từ chủ đầu tư trước là Ban quản lý di dân tái định cư (nay là Ban Quản lý dự án đầu tư xây dựng các công trình Nông nghiệp tỉnh).\r\n\r\nDự án đường liên vùng 107, nay là tỉnh lộ 134 là công trình có tổng vốn đầu tư \"khủng\" tại tỉnh nghèo Lai Châu. Trong khi với điều kiện của một tỉnh có hạ tầng kỹ thuật, kinh tế còn khó khăn, tỷ lệ hộ nghèo còn 24,98%; nhiều trường học, trụ sở Ủy ban nhân dân các xã  cần được đầu tư  kiên cố hóa đang không có vốn, thì dự án con đường gần một nghìn tỷ này được đầu tư gần như bỏ không, lãng phí chồng lãng phí.\r\n\r\nViệc sử dụng nguồn trái phiếu chính phủ có ý nghĩa quan trọng để thúc đẩy phát triển sản xuất ở những vùng khó khăn. Từ thực tế đầu tư trên tuyến đường liên vùng 134 tại Lai Châu rất cần sự vào cuộc thanh, kiểm tra, giám sát việc thi hành Luật Thực hành tiết kiệm, chống lãng phí trong sử dụng nguồn vốn trái phiếu chính phủ cho đầu tư xây dựng cơ bản tại tỉnh nghèo bậc nhất cả nước này./', 'n17_1574422525.jpg', 5, 0, 1, '2019-11-22 04:35:25', '2019-11-22 04:35:25'),
(21, 'VOV Giao thông tăng cường hợp tác với Tổng công ty Tân Cảng Sài Gòn', 'VOV Giao thong tang cuong hop tac voi Tong cong ty Tan Cang Sai Gon', 'Sự phối hợp giữa 2 đơn vị sẽ nâng cao chất lượng thông tin tuyên truyền về các hoạt động của Tổng công ty Tân Cảng Sài Gòn; đi sâu vào các lĩnh vực sản xuất kinh doanh, phát triển hệ thống, các cơ sở Cảng, dịch vụ logictics…', 'Chiều tối 21/11, tại Cảng Cát Lát, TPHCM, Kênh VOV Giao Thông và Tổng công ty Tân Cảng Sài Gòn đã tổ chức ký kết quy chế phối hợp nhằm cung cấp thông tin và tuyên truyền về kết quả hoạt động sản xuất kinh doanh, cứu hộ, cứu nạn của Tổng công ty Tân Cảng Sài Gòn; đặc biệt là diễn biến tình hình giao thông ở các khu vực mà Tổng Công ty Tân Cảng Sài Gòn đang hoạt động.\r\n\r\nChia sẻ tại Lễ ký kết, đại tá Nguyễn Năng Toàn - Phó Tổng giám đốc Tổng công ty Tân Cảng Sài Gòn cho biết đơn vị đang nỗ lực để hoàn thành cả nhiệm vụ quốc phòng lẫn mục tiêu sản xuất kinh doanh với tầm nhìn “Trở thành Tập đoàn kinh tế - quốc phòng hàng đầu Việt Nam trong lĩnh vực kinh tế biển và dịch vụ logistics gắn với xây dựng và phát triển Khu kinh tế - quốc phòng Trường Sa”.\r\nLà nhà khai thác cảng, nhà cung cấp dịch vụ logictics hàng đầu Việt Nam, các cơ sở mà Tổng công ty Tân Cảng Sài Gòn đang quản lý khai thác đều là cửa ngõ quan trọng trong việc xây dựng thế trận quốc phòng và phát triển kinh tế của đất nước. Việc ký kết quy chế phối hợp giữa Tổng công ty Tân Cảng Sài Gòn và VOVGT - đơn vị trực thuộc Đài TNVN, cơ quan truyền thông chính thống là hết sức cần thiết trong giai đoạn hiện nay.\r\n\r\nTrong bối cảnh mạng xã hội phát triển nhanh với các luồng thông tin da chiều như hiện nay thì chỉ cần 1 sự cố nhỏ hay một thay đổi về chính sách của Nhà Nước, các Bộ, Ngành sẽ tác động ngay đến Tân Cảng cũng như lợi ích của khách hàng. Vì vậy rất cần sự vào cuộc kịp thời của báo chí để định hướng dư luận, ổn định tình hình và phục vụ công cuộc phát triển đất nước.\r\nTổng công ty Tân Cảng Sài Gòn sẽ quyết liệt trong chỉ đạo đối với các bộ phận liên quan để xây dựng kế hoạch thực hiện, thường xuyên cung cấp thông tin cho VOVGT. Lãnh đạo Tổng công ty Tân Cảng Sài Gòn mong muốn tiếp tục nhận được sự hỗ trợ mạnh mẽ hơn nữa từ Đài TNVN và Kênh VOVGT, để khẳng định chủ trương đúng đắn của Đảng về sản xuất xây dựng kinh tế kết hợp với quốc phòng.\r\n\r\nÔng Trang Công Tiến - Giám đốc Kênh VOVGT đánh giá cao những thành tựu của Tổng Công ty Tân Cảng Sài Gòn trong 30 năm qua, qua đó cũng đề xuất Tổng công ty Tân Cảng Sài Gòn sẽ kịp thời cung cấp các thông tin cần thiết về tình hình hoạt động, nhiệm vụ của đơn vị. Ông Tiến cũng khẳng định VOVGT sẽ tiếp tục hỗ trợ phản ánh các thông tin giao thông xung quanh các khu vực Cảng do Tân Cảng Sài Gòn quản lý khai thác, nhất là khu vực phía Nam.  \r\nChỉ đạo tại Lễ ký kết, đồng chí Phạm Duy Hưng - Phó Bí thư Đảng Ủy Đài Tiếng Nói Việt Nam đánh giá cao sự chủ động hợp tác giữa VOVGT và Tổng công ty Tân Cảng Sài Gòn, qua đó thay mặt lãnh đạo Đài chỉ đạo Kênh VOVGT tiếp tục phối hợp chặt chẽ hơn với Tổng công ty Tân Cảng Sài Gòn để đáp ứng tốt nhất nhu cầu thông tin của thính giả nghe Đài cả nước.\r\n\r\nQuân cảng Sài Gòn - Tổng công ty Tân cảng Sài Gòn là doanh nghiệp quốc phòng - kinh tế trực thuộc Quân chủng Hải quân, Bộ Quốc phòng; là Công ty TNHH Một thành viên, Nhà nước giữ 100% vốn điều lệ; thành lập năm 1989, sử dụng cơ sở cảng quân sự của chế độ cũ để lại; năm 2006 chuyển sang hoạt động theo mô hình Công ty mẹ - công ty con; năm 2010 nâng cấp thành Tổng công ty; năm 2015 được xếp hạng Tổng công ty đặc biệt.\r\nTổng công ty Tân cảng Sài Gòn đang quản lý hệ thống 16 cảng, 06 ICD (cảng cạn), 05 depot, 01 trung tâm đào tạo; quản lý, khai thác 04 nhà khách, 03 trung tâm cung ứng hậu cần. Hiện đang khai thác 8.519m cầu tàu, 322 ha bãi hàng, gần 600.000m2 kho và trên 2.000 trang thiết bị khác phục vụ sản xuất. 08 bến sà lan, 03 bến phao, 78 cẩu bờ, 144 cẩu khung, 128 xe nâng, 872 xe đầu kéo, 20 tàu lai, 04 tàu container, 103 sà lan…\r\n\r\nTrong nhiệm vụ quân sự quốc phòng 30 năm qua, Tân Cảng Sài Gòn đã tiếp nhận trên 2.000 lượt tàu quân sự, xếp dỡ trên 70.000 tấn hàng và trên 2.000 thiết bị quân sự qua cảng, 65 lượt trực thăng cất hạ cánh; xây dựng trên 100 công trình quân sự trên các đảo, 15 cầu cảng quân sự, 20 km đường tuần tra biên giới và hàng chục công trình quân sự lớn nhỏ khác.\r\n\r\nĐại diện các đơn vị chụp ảnh lưu niệm\r\nĐại diện các đơn vị chụp ảnh lưu niệm\r\nVể nhiệm vụ sản xuất kinh doanh, 30 năm qua, Tân Cảng Sài Gòn đã tiếp nhận 61.200 lượt tàu kinh tế; tổng sản lượng container thông qua cảng đạt 51 triệu TEU (676 triệu tấn). Tổng doanh thu 97.550 tỷ đồng; tổng lợi nhuận 15.345 tỷ đồng; nộp ngân sách 5.480 tỷ đồng.\r\n\r\nHiện Tân Cảng Sài Gòn là Nhà khai thác cảng container chuyên nghiệp, hiện đại và lớn nhất Việt Nam với gần 50% thị phần cả nước, xếp vị trí 21 trong các cụm cảng container có sản lượng thông qua lớn nhất thế giới./.\r\n\r\nTừ khóa : VOV Giao thông hợp tác tăng cường Tổng công ty Tân Cảng Sài Gòn\r\nXem nhiều nhấtBình Dương: Tai nạn nghiêm trọng giữa xe tải và xe máy, 1 người tử vong tại chỗ Bình Dương: Tai nạn nghiêm trọng giữa xe tải và xe máy, 1 người tử vong tại chỗVụ dầm cầu bộ hành rơi đè bẹp container: Thi công chưa đúng nguyên tắc?32 nhà đầu tư trong nước nộp hồ sơ thầu dự án cao tốc Bắc - Nam phía ĐôngTruy tìm phương tiện tông người đàn ông lớn tuổi chết thảm trên QL51Xe tải chở gần 1 tấn bánh bông lan không rõ nguồn gốcTP.HCM: Bầu trời trắng đục do bụi mịnTP.HCM: Gặp nạn trên đường đi làm về, đại úy công an tử vongVụ Mercedes gây tai nạn liên hoàn: Nạn nhân thiệt mạng làm việc ở trường Ngoại thương, du học vềLãng phí con đường ngàn tỷ (Kỳ 2): Dân không đi, trách nhiệm thuộc về aiVOV Giao thông tăng cường hợp tác với Tổng công ty Tân Cảng Sài Gòn', '19_1574422645.jfif', 5, 0, 1, '2019-11-22 04:37:25', '2019-11-22 04:37:25');

-- --------------------------------------------------------

--
-- Table structure for table `users`
--

CREATE TABLE `users` (
  `id` bigint(20) UNSIGNED NOT NULL,
  `name` varchar(255) COLLATE utf8mb4_unicode_ci NOT NULL,
  `email` varchar(255) COLLATE utf8mb4_unicode_ci NOT NULL,
  `email_verified_at` timestamp NULL DEFAULT NULL,
  `password` varchar(255) COLLATE utf8mb4_unicode_ci NOT NULL,
  `remember_token` varchar(100) COLLATE utf8mb4_unicode_ci DEFAULT NULL,
  `created_at` timestamp NULL DEFAULT NULL,
  `updated_at` timestamp NULL DEFAULT NULL
) ENGINE=InnoDB DEFAULT CHARSET=utf8mb4 COLLATE=utf8mb4_unicode_ci;

--
-- Dumping data for table `users`
--

INSERT INTO `users` (`id`, `name`, `email`, `email_verified_at`, `password`, `remember_token`, `created_at`, `updated_at`) VALUES
(1, 'Nguyễn Thị Thùy Linh', 'linh@gmail.com', NULL, '123456789', NULL, '2019-11-21 21:15:32', '2019-11-21 21:15:32'),
(2, 'Nguyen Van A', 'a@gmail.com', NULL, '$2y$10$mOk.xrKh0SU9G.neEneVuu5RX1i2r8CRoB.RIlD9lENA0oXoCBtUm', NULL, '2019-11-29 01:44:16', '2019-11-29 01:44:16'),
(3, 'Nguyen Thanh Dong', 'dong@gmail.com', NULL, '$2y$10$Rrh2ybN.JghYhSQPO4dH2eCsb74qyFeQUl63Ukr8zlEB.KzusSF96', NULL, '2019-11-29 18:47:34', '2019-11-29 18:47:34');

--
-- Indexes for dumped tables
--

--
-- Indexes for table `admins`
--
ALTER TABLE `admins`
  ADD PRIMARY KEY (`id`),
  ADD UNIQUE KEY `admins_email_unique` (`email`);

--
-- Indexes for table `canhbao`
--
ALTER TABLE `canhbao`
  ADD PRIMARY KEY (`id`);

--
-- Indexes for table `comment`
--
ALTER TABLE `comment`
  ADD PRIMARY KEY (`id`),
  ADD KEY `comment_iduser_foreign` (`idUser`),
  ADD KEY `comment_idtintuc_foreign` (`idTinTuc`);

--
-- Indexes for table `failed_jobs`
--
ALTER TABLE `failed_jobs`
  ADD PRIMARY KEY (`id`);

--
-- Indexes for table `loaitin`
--
ALTER TABLE `loaitin`
  ADD PRIMARY KEY (`id`),
  ADD KEY `loaitin_idtheloai_foreign` (`idTheLoai`);

--
-- Indexes for table `luatgiaothong`
--
ALTER TABLE `luatgiaothong`
  ADD PRIMARY KEY (`id`);

--
-- Indexes for table `migrations`
--
ALTER TABLE `migrations`
  ADD PRIMARY KEY (`id`);

--
-- Indexes for table `password_resets`
--
ALTER TABLE `password_resets`
  ADD KEY `password_resets_email_index` (`email`);

--
-- Indexes for table `theloai`
--
ALTER TABLE `theloai`
  ADD PRIMARY KEY (`id`);

--
-- Indexes for table `tintuc`
--
ALTER TABLE `tintuc`
  ADD PRIMARY KEY (`id`),
  ADD KEY `tintuc_idloaitin_foreign` (`idLoaiTin`);

--
-- Indexes for table `users`
--
ALTER TABLE `users`
  ADD PRIMARY KEY (`id`),
  ADD UNIQUE KEY `users_email_unique` (`email`);

--
-- AUTO_INCREMENT for dumped tables
--

--
-- AUTO_INCREMENT for table `admins`
--
ALTER TABLE `admins`
  MODIFY `id` bigint(20) UNSIGNED NOT NULL AUTO_INCREMENT, AUTO_INCREMENT=2;

--
-- AUTO_INCREMENT for table `canhbao`
--
ALTER TABLE `canhbao`
  MODIFY `id` bigint(20) UNSIGNED NOT NULL AUTO_INCREMENT, AUTO_INCREMENT=5;

--
-- AUTO_INCREMENT for table `comment`
--
ALTER TABLE `comment`
  MODIFY `id` bigint(20) UNSIGNED NOT NULL AUTO_INCREMENT, AUTO_INCREMENT=2;

--
-- AUTO_INCREMENT for table `failed_jobs`
--
ALTER TABLE `failed_jobs`
  MODIFY `id` bigint(20) UNSIGNED NOT NULL AUTO_INCREMENT;

--
-- AUTO_INCREMENT for table `loaitin`
--
ALTER TABLE `loaitin`
  MODIFY `id` bigint(20) UNSIGNED NOT NULL AUTO_INCREMENT, AUTO_INCREMENT=7;

--
-- AUTO_INCREMENT for table `luatgiaothong`
--
ALTER TABLE `luatgiaothong`
  MODIFY `id` bigint(20) UNSIGNED NOT NULL AUTO_INCREMENT, AUTO_INCREMENT=7;

--
-- AUTO_INCREMENT for table `migrations`
--
ALTER TABLE `migrations`
  MODIFY `id` int(10) UNSIGNED NOT NULL AUTO_INCREMENT, AUTO_INCREMENT=21;

--
-- AUTO_INCREMENT for table `theloai`
--
ALTER TABLE `theloai`
  MODIFY `id` bigint(20) UNSIGNED NOT NULL AUTO_INCREMENT, AUTO_INCREMENT=6;

--
-- AUTO_INCREMENT for table `tintuc`
--
ALTER TABLE `tintuc`
  MODIFY `id` bigint(20) UNSIGNED NOT NULL AUTO_INCREMENT, AUTO_INCREMENT=22;

--
-- AUTO_INCREMENT for table `users`
--
ALTER TABLE `users`
  MODIFY `id` bigint(20) UNSIGNED NOT NULL AUTO_INCREMENT, AUTO_INCREMENT=4;

--
-- Constraints for dumped tables
--

--
-- Constraints for table `comment`
--
ALTER TABLE `comment`
  ADD CONSTRAINT `comment_idtintuc_foreign` FOREIGN KEY (`idTinTuc`) REFERENCES `tintuc` (`id`),
  ADD CONSTRAINT `comment_iduser_foreign` FOREIGN KEY (`idUser`) REFERENCES `users` (`id`);

--
-- Constraints for table `loaitin`
--
ALTER TABLE `loaitin`
  ADD CONSTRAINT `loaitin_idtheloai_foreign` FOREIGN KEY (`idTheLoai`) REFERENCES `theloai` (`id`);

--
-- Constraints for table `tintuc`
--
ALTER TABLE `tintuc`
  ADD CONSTRAINT `tintuc_idloaitin_foreign` FOREIGN KEY (`idLoaiTin`) REFERENCES `loaitin` (`id`);
COMMIT;

/*!40101 SET CHARACTER_SET_CLIENT=@OLD_CHARACTER_SET_CLIENT */;
/*!40101 SET CHARACTER_SET_RESULTS=@OLD_CHARACTER_SET_RESULTS */;
/*!40101 SET COLLATION_CONNECTION=@OLD_COLLATION_CONNECTION */;
